0,1
,
0.9999999999999998,2.220446049250313e-16
0.9999999999999976,2.4424906541753444e-15
0.9999999999999891,1.0880185641326534e-14
0.9999999999999678,3.219646771412954e-14
0.9999999999999246,7.560618797697316e-14
0.5283668987099999,0.4718779853039139
0.6543323399878266,0.3461394769798263
0.7510446604710961,0.24960580586232983
0.4974642221750104,0.5019315348701118
0.039943767852366974,0.9598363948147883
0.16458042224446534,0.8350356815530715
0.7458157847903867,0.2537708703878534
0.13829643164019145,0.8620418877290884
0.7951059171147625,0.20531400616253048
0.820384389631477,0.18005560778402407
0.1440615832851564,0.8555520846585483
0.08312960726819751,0.9165688162743808
0.08112302889211742,0.9185803521977636
0.08101902104148984,0.9186858269862272
0.08106409888440935,0.9186417085399443
0.08109128484394335,0.9186153042990386
0.08110292286971765,0.9186043077966783
0.0811005335625723,0.9186072290599927
0.08108406277746183,0.9186241488480575
0.08105211447879779,0.9186564867106756
0.08100202135561518,0.9187069313101565
0.08092978418613384,0.9187795020092349
0.08082990626981634,0.9188797154035895
0.0806951177040518,0.9190148620661346
0.08051601186282886,0.9191943711422939
0.08028057337966288,0.9194302835605943
0.07997360775139484,0.919737823760884
0.07957609012103184,0.9201360523954953
0.07906442999724062,0.9206486033057443
0.07840974419118085,0.9213044124148969
0.07757721131419504,0.9221383651724288
0.07652566710371955,0.923191703150112
0.07520777550607449,0.9245118544628066
0.07357103772848084,0.9261514255301426
0.0715602677854027,0.9281657247083788
0.06912199490718329,0.930608356573617
0.06621121544462949,0.9335244630467069
0.06280077170504561,0.9369413322845228
0.058892218939829544,0.9408575140536328
0.054526703295726175,0.945231918381386
0.0497920807043537,0.9499766712072051
0.04482257302163317,0.9549574360293243
0.03978811608569899,0.9600040546456281
0.03487318943332629,0.9649317258761301
0.030250387200917772,0.9695674642674819
0.026055756388703832,0.9737748095704581
0.022373650391459998,0.9774690262032995
0.01923440175246416,0.9806194743916707
0.016622660956613133,0.9832412971702481
0.014491834065522013,0.9853809863060083
0.012778948907158139,0.9871015030073929
0.01141650800139038,0.9884704030630969
0.01034052115780626,0.9895517789333294
0.009494408840009072,0.9904023357839316
0.008830571474606197,0.9910698050368741
0.008310162670398302,0.9915931602953687
0.007902041260832271,0.9920036592947128
0.007581682948261115,0.9923259283628774
0.007329785719877746,0.9925793572495657
0.007131334511642162,0.9927790342251461
0.006974609560627343,0.9929367396194785
0.00685047073171563,0.9930616630880476
0.006751826704032737,0.9931609358382777
0.0066731220328710705,0.9932401455526151
0.006610034309985968,0.9933036403416025
0.0065592037448428675,0.9933548003663648
0.006517964827874367,0.9933963075696124
0.006484273400185647,0.9934302188621378
0.0064564978944301465,0.9934581761007892
0.0064333714826643185,0.993481454166068
0.0064139165552121735,0.9935010369200694
0.006397323503468,0.9935177391828426
0.006383011471530198,0.993532145559127
0.006370470068351564,0.9935447697513032
0.006359338904366574,0.9935559744904292
0.006349319093754913,0.9935660606099935
0.0063401653435428695,0.9935752750052975
0.006331711275422314,0.9935837851416249
0.006323790578983468,0.9935917584197609
0.006316304291154706,0.9935992944508886
0.006309161711624656,0.9936064845306325
0.006302281868086457,0.9936134101637683
0.006295621413553332,0.9936201149817054
0.006289125983325983,0.9936266537073206
0.00628276163275987,0.9936330605087655
0.006276514667393096,0.9936393491700908
0.006270339500430877,0.9936455655796723
0.0062642444862318625,0.9936517013269567
0.0062581962999403995,0.9936577899575583
0.00625218971898911,0.9936638367283437
0.006246228343598004,0.9936698380147566
0.006240282887963966,0.9936758232971411
0.006234372921492426,0.9936817728756236
0.006228471581040229,0.9936877137920278
0.006222589609286233,0.9936936352319957
0.006216723425385595,0.9936995408000903
0.00621086293802664,0.9937054406548318
0.006205016595923762,0.9937113262910665
0.006199174897823734,0.9937172072733951
0.006193337188348025,0.9937230842615503
0.006187513720533833,0.9937289469339288
0.0061816872723841065,0.9937348126276069
0.006175871249478604,0.993740667847342
0.006170054662983038,0.9937465236554621
0.0061642468009752704,0.9937523707016982
0.006158439566506524,0.9937582171371987
0.006152633235051663,0.993764062684655
0.006146838604787819,0.9937698964734673
0.006141036603594552,0.9937757377036602
0.0061352479638916435,0.9937815655036989
0.006129453722110378,0.9937873989644332
0.006123664826176878,0.9937932270644323
0.006117883806562752,0.9937990472561774
0.006112096439885084,0.9938048738586802
0.006106321481514465,0.9938106879904187
0.006100541121475511,0.9938165075811951
0.006094766429525333,0.9938223214867492
0.006088996686128945,0.9938281304314303
0.006083225321638297,0.9938339410291606
0.006077460751936048,0.9938397448073144
0.00607169616904446,0.993845548619777
0.006065931909757238,0.9938513521275
0.006060176990785093,0.9938571462528704
0.006054417969680426,0.9938629445291303
0.006048666149413906,0.9938687355769287
0.006042914455059556,0.9938745265190123
0.0060371631372166945,0.993880317103103
0.006031421457537434,0.9938860980048418
0.006025673573180068,0.9938918851743439
0.006019936928629344,0.9938976610489485
0.006014195670002165,0.9939034415899757
0.006008459662688814,0.993909216865158
0.006002728222792464,0.993914987563004
0.00599699520966035,0.9939207598658508
0.005991270558478479,0.9939265237710344
0.005985542235226848,0.9939322913943293
0.0059798190735962375,0.9939380538420142
0.005974100485861555,0.9939438117057843
0.005968380870891021,0.9939495706248824
0.00596266736992257,0.9939553234094562
0.005956954261724157,0.9939610758196895
0.005951241821218645,0.9939668275788016
0.005945538195351263,0.9939725704842854
0.005939829457866752,0.9939783185573767
0.005934130960564499,0.9939840563415203
0.005928428679629949,0.993989797956256
0.005922730882051752,0.9939955350781493
0.005917039553532177,0.9940012657078954
0.005911343909191791,0.994007000704116
0.005905658241626588,0.9940127256764479
0.005899969067406197,0.9940184542005804
0.005894284799029426,0.9940241778064325
0.005888604861164826,0.9940298970732513
0.005882924442232151,0.9940356168455942
0.005877249651108807,0.9940413309726929
0.005871575641442028,0.9940470443341352
0.005865902415859603,0.9940527569272883
0.005860237091476206,0.9940584615861454
0.005854569199823412,0.9940641688510872
0.005848907530080605,0.9940698698725263
0.0058432465703219805,0.9940755702002789
0.005837586593898436,0.9940812695591262
0.005831934683409257,0.9940869608176931
0.00582627863119245,0.9940926562677135
0.005820631950409938,0.994098342302914
0.005814982329700458,0.9941040313195129
0.005809337387095548,0.9941097156469509
0.0058036967468796385,0.9941153956635124
0.005798055420977999,0.994121076391711
0.005792421280216287,0.9941267499063464
0.005786784947839241,0.9941324256489663
0.005781153215983714,0.9941380967804854
0.005775525748707766,0.994143763639145
0.005769898118775929,0.9941494306828209
0.005764275908666683,0.9941550922903766
0.005758654585740319,0.9941607530258412
0.0057530344306231385,0.9941664126066537
0.005747421881352466,0.9941720645501135
0.0057418058546268025,0.9941777200164118
0.0057361985593357145,0.9941833667119147
0.005730588875206943,0.9941890158341053
0.005724983356530267,0.9941946607831706
0.005719383588653648,0.9942002999627133
0.005713780981048688,0.9942059420230122
0.005708186883410127,0.9942115755353949
0.005702589664382307,0.9942172122121817
0.005697000894027804,0.9942228404027216
0.005691410003780484,0.9942284707492147
0.005685823559366643,0.9942340966401709
0.005680241195928248,0.9942397184429712
0.0056746589711546,0.9942453401274388
0.005669081946284127,0.9942509565969921
0.005663505664020185,0.9942565723400558
0.005657932218193662,0.9942621852481694
0.005652363189831311,0.9942677937292355
0.005646794423907475,0.9942734019673461
0.005641230760616844,0.994279005088423
0.0056356682806086855,0.9942846070392535
0.005630107129023898,0.9942902076736888
0.005624553058112491,0.9942958011991361
0.005618996233188289,0.9943013975192545
0.005613447491577994,0.99430698572067
0.0056078969828736724,0.9943125757229316
0.005602350474140705,0.9943181617184795
0.0055968093562208665,0.9943237423066713
0.005591266101104053,0.9943293250684502
0.005585730759944063,0.9943348998819532
0.0055801937444067695,0.9943404764029842
0.005574661101422684,0.9943460485420439
0.005569132391423981,0.9943516167417761
0.0055636041164397465,0.9943571845248056
0.005558080762043671,0.9943627473739232
0.005552558771696026,0.9943683088707501
0.005547038212690758,0.9943738689475259
0.005541524381400098,0.9943794222704543
0.0055360082959402535,0.9943849778848821
0.0055304995295550885,0.9943905261498858
0.005524990684362185,0.9943960745156567
0.005519483717196905,0.9944016210115256
0.005513983361447927,0.9944071608705706
0.005508480899121593,0.9944127028725374
0.005502985961443607,0.9944182373179391
0.005497489713982673,0.9944237731038374
0.0054919976983939245,0.9944293046492727
0.005486509534834316,0.994434832336764
0.005481022055923157,0.9944403593561837
0.005475539298335663,0.9944458816421711
0.005470057729156208,0.9944514027527471
0.005464578957136368,0.9944569210677211
0.0054591043654002025,0.9944624351941136
0.005453630511777718,0.994467948598597
0.005448161356317871,0.9944734572929106
0.005442693703742396,0.9944789644950933
0.005437227672053457,0.9944844700863082
0.0054317679350168735,0.9944899693594318
0.005426306482138821,0.9944954703821267
0.005420852188262604,0.9945009642161733
0.005415396957155649,0.9945064590156347
0.005409945555318929,0.9945119499799487
0.00540449908906393,0.9945174359948689
0.005399051368928931,0.9945229232941459
0.0053936106951264495,0.9945284035181425
0.005388169127986453,0.9945338846633845
0.005382731690310116,0.9945393616710849
0.005377298026211341,0.9945448348996626
0.005371865216824201,0.9945503072889192
0.005366436986193213,0.9945557750880787
0.005361010351226048,0.9945612413016436
0.005355585423218123,0.9945667058175252
0.005350166333723871,0.994572164474456
0.005344746943393819,0.9945776234559289
0.005339332419419751,0.9945830775575742
0.005333919505032481,0.994588530059594
0.005328508329694226,0.9945939808315998
0.0053231031964645625,0.9945994255395063
0.005317696731472532,0.9946048716103453
0.005312297034708924,0.9946103108856934
0.005306896757722113,0.9946157507670262
0.0053015004835683666,0.9946211866382003
0.005296107912159842,0.9946266188014539
0.0052907163661013445,0.9946320499535328
0.005285329315230403,0.9946374765995007
0.0052799436429289415,0.9946429018785179
0.005274560848467336,0.994648324280462
0.005269182038995068,0.9946537426901513
0.005263804260646321,0.9946591600828536
0.005258430989387275,0.9946645729573955
0.0052530587227122005,0.994669984841684
0.00524769093753874,0.9946753922335614
0.005242324859692671,0.9946807979273367
0.005236960595556006,0.99468620181586
0.005190695529119438,0.9947328046829331
0.005097391629703019,0.9948267938999791
0.17420158782648965,0.8262005592065133
0.472241625066267,0.5282884480749497
0.4903724993838168,0.5101597686676074
0.49525114279445437,0.505284057157836
0.4972465130882683,0.5032933973784461
0.49825430854780817,0.5022925875748543
0.49883460107546895,0.5017220112938945
0.4992009042717419,0.5013686032361753
0.4994490146791214,0.5011370128504335
0.49952264620542663,0.5010839218612936
0.4962316602978917,0.5043994755238301
0.48761626809047054,0.5130433139108622
0.47551419005550166,0.5251774444725565
0.4611457591751068,0.5395812337763021
0.4449622557765399,0.5558030493100077
0.4271729417034996,0.5736331937135254
0.4083474525255788,0.5925016225148704
0.38892059254077227,0.611973123188081
0.3692358216320536,0.6317038351729625
0.3495694310006282,0.6514170809834576
0.3301446450000758,0.6708892708293768
0.31114043839713523,0.6899410908527944
0.29269765819099314,0.7084313854239981
0.27492382941462445,0.7262523538718835
0.25789734736725434,0.7433253592147557
0.24167137681567352,0.7595970285299835
0.22627756595455306,0.7750355374523533
0.21172957041291351,0.7896270838239374
0.19802634826031884,0.8033725898623005
0.18515516716382963,0.8162846919569327
0.1730942892740187,0.8283850527479236
0.1618153065464607,0.8397020229282195
0.15128512878382006,0.8502686506048496
0.14151063904045758,0.8600782836993348
0.13259045075683762,0.869033339223827
0.1243560129268283,0.8773017970521814
0.11667896480061724,0.8850114450063887
0.10946158434630737,0.8922594470187066
0.10262980816751965,0.899119333923968
0.09612800893748141,0.9056462330354501
0.08991501404026359,0.911880854208825
0.08397811145227074,0.9178357331578939
0.07840491443979203,0.9234240311180596
0.07321879015964616,0.9286226663082133
0.0683553104248189,0.9334956431298107
0.06391402259448775,0.9379450093515198
0.05982354963957626,0.9420418807359461
0.056030985320490556,0.9458389171569512
0.052497710491623994,0.949374546436992
0.04919602524650857,0.9526763581195012
0.046104394021832196,0.9557659113211667
0.04320341974955988,0.958662605920077
0.04047691420846,0.9613826697800101
0.03791141901309536,0.9639396270549818
0.035494913908111325,0.966345538498891
0.0332184537276774,0.9686094309820681
0.031075537654758234,0.9707379295991627
0.029061537152625494,0.9727358310046347
0.027173183922677646,0.9746066162163852
0.025398673673368455,0.9763620700161583
0.02371302296573019,0.9780266866768814
0.022121479209149753,0.9795955330842857
0.02062873128065934,0.981064291491718
0.01923831199064352,0.9824298448566233
0.017949875193875697,0.9836928159007505
0.016759576804472154,0.9848572163089635
0.015663955608045788,0.9859268117450091
0.014658467144807008,0.9869064185545607
0.013737894298243014,0.9878014889278085
0.01289667345625678,0.9886177839103332
0.012129130742484895,0.9893611388708429
0.011429639860471408,0.9900373088825809
0.010792723245529157,0.9906518715848855
0.010213117038461395,0.991210166415842
0.009685816508012923,0.9917172532548708
0.009206111536616213,0.9921778806566383
0.008769616528112145,0.9925964592700677
0.008372293838227574,0.9929770412680705
0.008010469191153446,0.9933233073775904
0.0076808358708359,0.9936385646576171
0.007380446892485626,0.9939257558626073
0.007106695001585006,0.9941874805116835
0.006857282476108617,0.9944260257128281
0.006630183648215993,0.9946434038563106
0.006423603669280409,0.9948413937118501
0.006235936804293463,0.9950215817075241
0.006065727451484593,0.9951854003185425
0.005911635476111177,0.9953341620235516
0.005772407632904986,0.9954690872112889
0.00564685489746708,0.9955913262386836
0.005533835947066357,0.9957019755185919
0.005432245869812169,0.995802088573482
0.005341009391685914,0.995892682804208
0.005259077731422757,0.9959747428700267
0.005185428289553151,0.9960492214647204
0.0051190663642728396,0.9961170382607415
0.005059028564417423,0.9961790773515529
0.005004387014363454,0.9962361840057833
0.004954254429424321,0.9962891606789799
0.004907789198402623,0.9963387630401568
0.0048642005503620744,0.9963856959512097
0.004822753264179025,0.9964306098727288
0.0047827717763608835,0.9964740978228934
0.004743643482285176,0.9965166930691285
0.004704821111797708,0.9965588676528432
0.004665824017071607,0.9966010318827753
0.0046262386015683,0.9966435345936895
0.004585717552681556,0.9966866644477004
0.004543978420293193,0.9967306518042609
0.004500801189799564,0.9967756714443088
0.004456025346230907,0.9968218457139058
0.004409546316427093,0.996869248172562
0.004361311499532117,0.9969179075572239
0.004311315978638097,0.9969678119773291
0.004259598020441624,0.9970189132437202
0.004206234356957994,0.9970711313325449
0.004151335542473378,0.9971243587354247
0.004095041123886922,0.9971784649117712
0.0040375150105878,0.9972333005192986
0.0039789408777120006,0.99728870156035
0.003919517741944212,0.9973444933259069
0.0038594557404744156,0.9974004941130279
0.0037989721649032138,0.9974565186715754
0.003738287698379694,0.997512381424061
0.003677623095303284,0.9975678992643859
0.0036171959860591407,0.9976228941963952
0.003557218229635506,0.9976771954724258
0.0034978934143747864,0.9977306415598535
0.003439414842016264,0.9977830816694568
0.0033819637813569114,0.9978343770247329
0.003325708065839983,0.9978844018166733
0.0032708010074650185,0.9979330438746494
0.003217380620787136,0.9979802050631594
0.003165569056160722,0.9980258014920101
0.0031154724163877656,0.998069763408671
0.00306718061602973,0.9981120350466635
0.003020767638841404,0.9981525741576218
0.0029762917864304406,0.9981913515500622
0.0029337962041444676,0.9982283504164782
0.0028933094632864753,0.9982635656261252
0.002854846253877108,0.9982970029429079
0.002818408153231866,0.9983286782010281
0.0027839844607374653,0.9983586164460287
0.0027515530048463077,0.9983868511166891
0.0027210810942022157,0.9984134231381041
0.0026925262987365084,0.9984383801648713
0.0026658374141688146,0.9984617757085914
0.0026409552373456435,0.9984836684300924
0.002617813445968231,0.9985041213752542
0.0025963393912044053,0.9985232012990304
0.00257645487686875,0.9985409780188947
0.002558076913501295,0.998557523808624
0.00254111845980165,0.998572912818636
0.002525489079109322,0.9985872205769664
0.0025110956967147047,0.9986005234314125
0.0024978431892536124,0.9986128981285964
0.002485635082240756,0.9986244213252485
0.002474374174864069,0.9986351691640567
0.0024639631703713416,0.9986452168518519
0.0024543053013786897,0.9986546382502136
0.0024453049630784873,0.9986635054636763
0.0024368682768516337,0.9986718884830041
0.002428903772086932,0.9986798547456659
0.0024213228799467856,0.9986874688326657
0.0024140406034228734,0.9986947920403169
0.0024069759886042874,0.9987018820943304
0.0024000526970195946,0.9987087927910734
0.0023931994794250677,0.9987155737105079
0.0023863506235566323,0.9987222699450728
0.0023794463544134503,0.9987289218647859
0.002372433195531487,0.9987355649078353
0.002365264203578854,0.9987422294624058
0.002357899269640029,0.9987489407019668
0.0023503051673181563,0.9987557185988605
0.0023424557288069803,0.9987625778499744
0.002334331762257502,0.998769527984148
0.0023259210301586064,0.9987765734273257
0.0023172180875388193,0.9987837136682378
0.0023082240684962896,0.9987909434574618
0.0022989464071219157,0.9987982530553595
0.002289398517339336,0.998805628504972
0.0022795993503094136,0.9988130519898428
0.0022695730457107377,0.9988205021252027
0.0022593483544739446,0.998827954402159
0.0022489582422136056,0.9988353815060322
0.002238439279456994,0.9988427537748874
0.002227831161604632,0.9988500395639279
0.0022171761494229614,0.9988572056603056
0.002206518558544812,0.9988642176550597
0.002195904183375119,0.9988710403540805
0.0021853798829756244,0.9988776380727117
0.0021749929927186162,0.9988839750375466
0.0021647909803967913,0.9988900156190379
0.002154820935523327,0.9988957246655767
0.0021451292409105926,0.998901067708055
0.0021357612060782794,0.9989060111850352
0.002126760763453528,0.9989105226139134
0.0021181701994603674,0.998914570737888
0.0021100299505359965,0.9989181256188215
0.0021023783616075375,0.9989211587511775
0.0020952516355547957,0.9989236430469837
0.0020886836161189137,0.9989255529209038
0.0020827058333625637,0.9989268642055087
0.002077347378142247,0.9989275541701526
0.0020726349653589216,0.9989276014158213
0.0020685929485797505,0.9989269858028238
0.0020652433941695802,0.998925688331652
0.0020626061752799796,0.9989236910181271
0.0020606991233635963,0.9989209767241414
0.0020595381220827047,0.9989175290274745
0.0020591373858891426,0.9989133319768468
0.0020595095478916914,0.9989083699606849
0.002060666005844203,0.9989026274215729
0.0020626170729922677,0.9988960886864167
0.002065372313362568,0.9988887376830047
0.002068940804079933,0.9988805577061984
0.002073331478332996,0.9988715311264356
0.0020785533921097166,0.9988616391480316
0.0020846161763121707,0.9988508614558829
0.0020915302822697157,0.9988391759778694
0.0020993074883104423,0.9988265584972742
0.0021079611959050615,0.9988129823812391
0.002117506913289935,0.9987984181952563
0.0021279626558924347,0.9987828333706857
0.0021393494041794803,0.9987661918198747
0.002151691549842072,0.9987484535695521
0.002165017400457936,0.9987295743399736
0.002179359594711494,0.998709505176214
0.002194755708365137,0.9986881919655524
0.0022112486373875306,0.9986655750630011
0.0022288872488807066,0.9986415887693207
0.002247726807155903,0.9986161609148547
0.002267829597592752,0.9985892123223996
0.002289265453626843,0.9985606563231153
0.002312112358492824,0.9985303981950029
0.002336457024090244,0.9984983346241088
0.0023623955520259976,0.998464353080861
0.0023900340038821577,0.9984283312363291
0.0024194891872609814,0.9983901362467832
0.002450889234706488,0.9983496241044213
0.0024843744801008594,0.9983066388276048
0.0025200981385720134,0.9982610117026935
0.002558227232839716,0.9982125603667868
0.002598943452171043,0.9981610879034928
0.0026424441649863795,0.9981063817797731
0.0026889434452219696,0.9980482127680652
0.0027386732786003343,0.9979863336848034
0.0027918847472060415,0.9979204780904749
0.0028488495220218013,0.9978503587801777
0.0029098612845481764,0.9977756662000221
0.0029752374985601016,0.9976960666134718
0.003045321216276209,0.9976112001731537
0.003120483200539814,0.9975206786727172
0.0032011241719734906,0.9974240831757846
0.0032876774304140266,0.9973209612688176
0.0033806116248542573,0.9972108240980844
0.0034804340207565954,0.99709314303067
0.0035876939449009937,0.9969673459445649
0.0037029868311603265,0.9968328131151267
0.003826958546132575,0.9966888726222596
0.003960310408126055,0.9965347951917374
0.004103804616671702,0.9963697885545275
0.004258270514020612,0.996192990968986
0.00442461140063366,0.9960034641925384
0.004603812362341975,0.9958001854376611
0.004796948879103757,0.9955820384613336
0.005005196601045592,0.9953478036348757
0.005229842254689032,0.9950961466386672
0.005472295938109273,0.994825606008888
0.005734104904194681,0.9945345789401755
0.006016969189796217,0.9942213053934738
0.006322759009086298,0.9938838503418168
0.006653534694630703,0.9935200834490112
0.00701156885425358,0.9931276565264322
0.007399371753352257,0.9927039777434948
0.0078197198679415,0.9922461825444124
0.008275688206629939,0.9917511009615106
0.008770687133327515,0.9912152201372648
0.009308504175047694,0.990634642023089
0.009893351302362685,0.9900050354698291
0.010529919289431033,0.9893215811941867
0.011223439034180327,0.9885789097626789
0.01197975207590729,0.987771030333246
0.012805390952906115,0.9868912493900706
0.013707670682804318,0.9859320785585604
0.014694794276336465,0.9848851279623643
0.015775972394705073,0.983740985803993
0.016961561378818768,0.9824890791427432
0.018263220844332406,0.98111751535068
0.01969409373854203,0.9796129009736918
0.02126901349960808,0.977960133497709
0.023004739442680444,0.9761421649791113
0.024920226587781258,0.974139731334376
0.027036932757903642,0.9719310443744709
0.02937916575083621,0.9694914443783571
0.031974478372804094,0.9667930046734989
0.0348541088021993,0.963804092014803
0.03805347447948981,0.9604888736580708
0.04161271513013354,0.9568067767207453
0.045577282285340415,0.9527119022786166
0.04999857023336007,0.9481523998485604
0.054934566303210586,0.9430698249997714
0.060450499780719924,0.9373985013729202
0.0666194448746319,0.9310649322726627
0.0735228116745772,0.9239873294791732
0.08125064604086085,0.9160753381761216
0.08990160796096536,0.9072300905257233
0.09958246983078833,0.8973447465192644
0.11040694052609235,0.8863057167927285
0.12249356023546976,0.8739948222691853
0.13596241453216562,0.8602926405044957
0.15093040045970596,0.8450833025242526
0.16750483404662253,0.828260946211561
0.18577536309413023,0.8097378526887284
0.20580432796521952,0.7894541143543743
0.22761614251590867,0.767388247860027
0.2511866347525078,0.7435678017388736
0.27643375500080125,0.7180785405640057
0.3032113802476474,0.6910704747086651
0.3313078923274928,0.6627590660085266
0.36045085946393063,0.6334202994950905
0.39031821273789125,0.603379259635283
0.4205551403979524,0.5729930244923709
0.4507947936884241,0.5426298146401187
0.4806799957863822,0.5126472282339977
0.5098830926237928,0.48337242570830563
0.5381215054515378,0.45508669343767894
0.5651675843250149,0.4280157613164667
0.5908525287808561,0.40232607866317704
0.6150650412486234,0.3781263550102556
0.6377460675447315,0.3554729908706069
0.6588811009391505,0.3343779096481422
0.6784914432596477,0.31481739436856615
0.6966255132348538,0.2967408401169904
0.713350911120068,0.28007872018840996
0.7287476269023926,0.264749384939132
0.7429025463330879,0.25066454668044436
0.7559051903877394,0.23773352076008347
0.767844580519305,0.2258663355303705
0.7788070305859571,0.21497591327828358
0.7888746904381108,0.2049795002259407
0.7981246679679388,0.195799519138544
0.8066285790794896,0.1873639970711507
0.8144524069286558,0.17960668600393315
0.8216565767592371,0.17246697109243758
0.8282961666374297,0.16588964533316397
0.8344212118656785,0.15982459307690067
0.8400770500162672,0.15422643487212673
0.8453046927683923,0.14905414745222678
0.8501411940017232,0.14427068872308124
0.8546200108908988,0.13984263142141629
0.8587713435709431,0.13573981876089203
0.862622454678567,0.1319350416013041
0.8661979610241344,0.1284037437148834
0.8695201032990179,0.12512374998046738
0.8726089870708313,0.12207502352033295
0.8754828042216237,0.11923944291643085
0.8781580281767464,0.11660060584127319
0.8806495926807867,0.11414364952200229
0.8829710481020546,0.11185509365209723
0.8851347046614226,0.10972269687551428
0.8871517567404669,0.10773533192740459
0.8890323971193406,0.10588287127899021
0.8907859157242259,0.1041560881367587
0.8924207905985808,0.10254656540303486
0.8939447662575093,0.10104661721174213
0.8953649264343868,0.09964921622700129
0.8966877559537508,0.09834793164420341
0.897919199469436,0.09713687065971954
0.8990647102425318,0.09601062952412942
0.9001292976375239,0.0949642463076712
0.9011175659764843,0.09399316192937457
0.9020337526606432,0.09309318222758767
0.9028817596694738,0.09226044646519371
0.9036651841698223,0.0914913968362362
0.9043873439176904,0.09078275310039663
0.9050513024107055,0.09013148757204448
0.9056598888607865,0.08953480510763179
0.9062157195392394,0.08899012200139911
0.9067212133261862,0.08849505031885307
0.9071786096753853,0.08804738019236791
0.9075899811939698,0.08764506714803422
0.9079572482500524,0.08728621767816591
0.9082821897336194,0.08696907848297442
0.9085664548627381,0.08669202476524918
0.9088115720993406,0.08645355133830612
0.909018959298101,0.08625226259641061
0.9091899304456013,0.08608686572550306
0.9093257050056249,0.08595616156109032
0.9094274130196601,0.0858590393923242
0.9094961029001455,0.08579446932566148
0.9095327461488587,0.08576149755555273
0.9095382436147064,0.08575924019024961
0.9095134295064382,0.0857868792479829
0.909459077026219,0.08584365712486097
0.909375901095766,0.08592887380893921
0.9092645640550985,0.08604188136620805
0.9091256772369389,0.08618208223884838
0.9089598062871325,0.08634892412642714
0.9087674724251484,0.08654189861774497
0.9085491567427215,0.08676053702578357
0.9083053017752094,0.08700440879107219
0.9080363148665609,0.087273118183407
0.907742569559187,0.08756630290518008
0.9074244088184451,0.08788363095054774
0.9070821455712994,0.08822479999679889
0.9067160663709366,0.08858953390064639
0.9063264311436598,0.08897758281914003
0.9059134767869419,0.08938871978855278
0.9054774168769426,0.08982274090290865
0.9050184445302654,0.09027946256684505
0.9045367326156086,0.09075872124615825
0.9040324359272016,0.09126037134766585
0.903505691390908,0.09178428499258018
0.9029566202677093,0.0923303498824537
0.9023853276992757,0.09289846967501525
0.9017919054190402,0.09348856141082407
0.9011764308754286,0.09410055627604308
0.9005389695333783,0.09473439740335199
0.8998795745000494,0.09539004020031316
0.8991982882587946,0.09606745066089717
0.8984951423434856,0.09676660566188988
0.8977701591609628,0.09748749120173184
0.8970233511105248,0.09823010319781178
0.8962547229483515,0.09899444525148027
0.8954642703894826,0.09978052990984065
0.8946519825553393,0.10058837636285789
0.8938178406682642,0.1014180116294191
0.8929618200237548,0.1022694686771386
0.8920838891876832,0.10314278717281034
0.8911840115344158,0.10403801198469287
0.8902621445194634,0.10495519387367958
0.8893182413386893,0.10589438788991301
0.888352249775171,0.10685565444082701
0.8873641143410311,0.10783905726876553
0.8863537747397445,0.10884466485547373
0.88532116810515,0.10987254831731397
0.8842662275702751,0.11092278271941702
0.883188884170149,0.11199544525944449
0.8820890658182865,0.11309061623636851
0.8809666989185463,0.11420837747831758
0.8798217074130434,0.11534881325532798
0.878654014518409,0.11651200859747557
0.8774635414887868,0.11769805044802562
0.8762502096952893,0.11890702569434297
0.8750139392417338,0.12013902244167662
0.8737546509282879,0.12139412813358397
0.872472265135819,0.1226724306123591
0.8711667036239767,0.12397401636142191
0.8698378884586964,0.12529897153695257
0.8684857439116496,0.12664738012263765
0.8671101952305893,0.12801932507699076
0.865711170741835,0.1294148863397414
0.8642886005179474,0.1308341420409782
0.8628424185151304,0.1322771664853143
0.861372561293843,0.13374403132197865
0.8598789701080944,0.13523480353645567
0.8583615896802804,0.13674954661927674
0.8568203703020265,0.13828831850606083
0.8552552665835977,0.13985117278460402
0.8536662395899943,0.14143815661180792
0.8520532556174798,0.14304931185563263
0.8504162882562598,0.14468467313486633
0.8487553172581654,0.14634426883243523
0.8470703305440389,0.14802811920168213
0.8453613230436604,0.14973623741977238
0.8436282988522628,0.15146862750753676
0.8418712698084713,0.15322528569276483
0.8400902578718424,0.155006198072264
0.8382852935707232,0.15681134211673453
0.8364564183160486,0.15864068440732426
0.8346036831006265,0.1604941818543898
0.8327271503991402,0.16237177989034568
0.8308268930375406,0.16427341349731917
0.8289029963106533,0.1661990051617015
0.8269555562934654,0.16814846650191084
0.824984682387454,0.17012169576018465
0.8229904954019207,0.1721185796710385
0.8209731299377159,0.17413899112562725
0.8189327329470171,0.1761827905298312
0.8168694653215192,0.17824982430562364
0.8147835010262707,0.18033992564367352
0.8126750283946541,0.1824529133074212
0.8105442490336042,0.18458859262494431
0.8083913797619016,0.1867467536184595
0.8062166504730234,0.1889271730793377
0.8040203068244278,0.19112961191586786
0.8018026077340155,0.19335381760493808
0.7995638277766542,0.19559952184201923
0.7973042555057919,0.19786644213898774
0.7950241945472114,0.20015428081527098
0.7927239628665929,0.2024627256214463
0.790403893419434,0.20479144918343062
0.7880643330665709,0.20714010998839982
0.7857056442446388,0.2095083507802037
0.7833282023083021,0.21189580115671725
0.7809323983510538,0.21430207478700503
0.7785186360398699,0.21672677252637995
0.7760873340042957,0.21916948007445636
0.7736389239275736,0.22162976980772697
0.7711738511505637,0.2241072002571598
0.7686925735590915,0.22660131712921272
0.7661955630197863,0.22911165193611005
0.7636833023134706,0.23163772500550506
0.7611562880931693,0.2341790425624204
0.7586150271940193,0.2367351003723781
0.7560600390442956,0.2393053813793251
0.7534918536222234,0.24188935767733444
0.7509110114801425,0.24448649057019023
0.7483180635021829,0.24709623071770448
0.7457135702001647,0.24971801893255707
0.7430981008846893,0.2523512869229999
0.7404722348311203,0.2549954561947073
0.7378365577708654,0.2576499415084431
0.7351916650874377,0.26031414772682493
0.7325381575393013,0.2629874740502651
0.7298766437557244,0.2656693115726487
0.7272077381373371,0.2683590453158895
0.7245320602946455,0.2710560548767782
0.7218502352937709,0.27375971409244115
0.7191628922044255,0.2764693925865833
0.7164706636141744,0.27918445617582655
0.7137741865827285,0.2819042659851687
0.7110740988036959,0.28462818224130615
0.708371042133516,0.2873555607886069
0.7056656578331981,0.29008575781207147
0.7029585892380101,0.29281812722094436
0.7002504797371476,0.29555202260996793
0.6975419718853737,0.2982867982329872
0.6948337071136806,0.3010218092188499
0.6921263265702831,0.3037564108010308
0.6894204671207567,0.30648996227678027
0.6867167652029467,0.30922182319753455
0.6840158517901148,0.3119513583745177
0.6813183552587878,0.31467793506443464
0.678624899533976,0.31740092476855153
0.6759361026567627,0.3201197047525457
0.6732525782810915,0.32283365646893014
0.6705749330628157,0.3255421682641293
0.6679037671605599,0.32824463480570076
0.6652396750074723,0.3309404563809464
0.6625832412439051,0.3336290429273048
0.6599350450422219,0.3363098097514845
0.6572956548529605,0.3389821827557362
0.6546656315866893,0.34164559530807503
0.6520455270728533,0.3442994897301138
0.6494358822787507,0.346943319165014
0.6468372296480035,0.3495765451591847
0.6442500899823357,0.3521986408761958
0.6416749736383222,0.3548090898289694
0.6391123812949974,0.3574073851807529
0.6365627999429254,0.35999303372108193
0.6340267077004146,0.362565551090272
0.6315045684687742,0.3651244670986311
0.6289968354539328,0.3676693222537839
0.6265039500114756,0.37019966886281863
0.6240263398715078,0.3727150728907893
0.621564420613464,0.37521511241607275
0.6191185964565872,0.3776993769061756
0.6166892563357523,0.380167471107431
0.6142767790903774,0.38261900989334585
0.6118815280931578,0.38505362361096473
0.6095038550211014,0.38747095435556655
0.6071440990142379,0.38987065675858656
0.6048025844110472,0.3922524003354413
0.6024796245812443,0.39461586557014083
0.6001755180659527,0.39696074786764113
0.5978905509991146,0.3992867550589351
0.5956249978878427,0.40159360668365485
0.5933791178133829,0.40388103775438644
0.591153159991461,0.4061487932289568
0.588947358388478,0.40839663336943544
0.5867619357235551,0.4106243297815739
0.5845971029722519,0.4128316658565715
0.5824530568323847,0.41501843938587424
0.5803299842466774,0.4171844579535503
0.5782280581476382,0.41932954328173755
0.5761474404294504,0.42145352818325144
0.5740882826655977,0.42355625590367696
0.5720507223919535,0.42563758380302485
0.5700348889234472,0.4276973775674725
0.5680408979293938,0.42973551660907516
0.5660688555699935,0.431751889966976
0.5641188582538377,0.4337463964942918
0.5621909898157932,0.43571894775848263
0.5602853265787272,0.43766946289268005
0.5584019327014773,0.4395978733361009
0.5565408635750626,0.44150411936074585
0.5547021664164256,0.4433881495347157
0.5528858769400197,0.4452499240129507
0.5510920231735539,0.4470894107589174
0.5493206253587126,0.44890658558771834
0.5475716928928448,0.45070143530111495
0.545845229717542,0.45247395221100106
0.5441412293651684,0.45422413917997007
0.5424596786047827,0.455952005897587
0.5408005579119328,0.4576575684660048
0.5391638377912101,0.45934085304173455
0.5375494847758269,0.46100188985920887
0.5359574558819704,0.4626407187515671
0.5343877027640024,0.46425738502857694
0.5328401717467879,0.46585193938794545
0.5313148004719652,0.46742444134425554
0.5298115236045444,0.46897495343396833
0.528330267525724,0.4705035466084114
0.5268709542180074,0.47201029627063595
0.5254335015628746,0.47349528203171387
0.5240178196598115,0.47495859135623253
0.5226238168270699,0.4764003135831332
0.521251393987737,0.4778205455151271
0.5199004487751515,0.4792193873450262
0.5185708756446437,0.48059694248795914
0.5172625622680371,0.48195332126093116
0.5159753954645925,0.48328863486380624
0.5147092555952683,0.4846030010698076
0.5134640206192382,0.48589654009138117
0.5122395662336832,0.48716937449345765
0.5110357625641677,0.4884216324659225
0.5098524778199627,0.48965344420163825
0.5086895784613157,0.4908649416735894
0.5075469254132685,0.4920562624943974
0.5064243801357133,0.493227543758898
0.505321798819762,0.49437892793174376
0.5042390365448444,0.4955105586133962
0.5031759473077535,0.49662258056362285
0.5021323803243947,0.4977151433650455
0.5011081859674512,0.49878839550617093
0.5001032100748227,0.49984249004910797
0.49911729792472825,0.5008775806853017
0.4981502944520858,0.5018938214643968
0.49720204028127535,0.5028913708339406
0.496272377926831,0.5038703853526176
0.49536114578375856,0.5048310257829238
0.49446818239023826,0.5057734527527149
0.49359332632779374,0.5066978269071403
0.49273641252679046,0.5076043125689169
0.4918972781568931,0.5084930718687122
0.49107575690924943,0.5093642704394035
0.49027168290759027,0.510218073535798
0.489484890961819,0.5110546457271938
0.48871521245577243,0.5118741550812551
0.487962481645173,0.5126767667815504
0.48722652948941836,0.5134626493777064
0.4865071879881494,0.5142319703744432
0.48580428998005154,0.5149848964845476
0.48511766585192506,0.5157215968840234
0.4844471469887789,0.5164422397950406
0.48379256605345455,0.517146992153166
0.48315375278873685,0.5178360238762243
0.48253054036143295,0.5185095014370587
0.481922759108831,0.5191675941981063
0.4813302409102985,0.5198104699665707
0.48075281892433175,0.5204382953088793
0.48019032391180017,0.5210512391938728
0.4796425900304008,0.5216494672200382
0.47910944911802555,0.5222331473087287
0.4785907344908684,0.5228024459372858
0.4780862812516754,0.5233575277785227
0.47759592200432466,0.5238985600562192
0.47711949324845415,0.5244257060690676
0.4766568290364236,0.5249391316135621
0.4762077653852822,0.5254390005002274
0.4757721399483392,0.5259254749332618
0.47534978835351427,0.5263987191388415
0.4749405499529472,0.5268588936377991
0.47454426211526246,0.5273061609298575
0.4741607639785883,0.5277406817721338
0.47378989677649086,0.5281626148017518
0.4734314994983123,0.5285721209446452
0.4730854153105146,0.5289693569145046
0.47275148515879695,0.5293544816892752
0.47242955220431504,0.5297276520045232
0.47211946144796924,0.5300890227800499
0.47182105648585093,0.5304387503294548
0.47153418281684467,0.5307769890862242
0.4712586881843429,0.5311038912111277
0.4709944182094826,0.5314196110273838
0.47074122281811004,0.5317242985153108
0.4704989498252884,0.5320181058054205
0.47026744937438236,0.5323011826699936
0.4700465735407974,0.5325736769699791
0.46983617270301903,0.5328357382507923
0.4696361012194257,0.533087512088916
0.4694462117589049,0.533329145737359
0.4692663589861007,0.5335607844725063
0.4690963999130404,0.5337825711922588
0.468936189516598,0.5339946508660421
0.4687855871638097,0.5341971640326644
0.46864445018593237,0.5343902533026335
0.4685126383225443,0.5345740588459404
0.46839001329936936,0.5347487188645647
0.46827643522363205,0.5349143731639625
0.46817176822337314,0.5350711575377387
0.46807587480425095,0.5352192093866321
0.46798861950856874,0.5353586640918572
0.4679098692708429,0.5354896546098733
0.4678394890351809,0.5356123159215883
0.4677773481695694,0.5357267785426676
0.4677233140426068,0.535833175022004
0.4676772564629472,0.5359316354352778
0.46763904724562533,0.5360222878686347
0.4676085570173173,0.536105261578631
0.467585658449709,0.5361806837931764
0.46757022661966374,0.5362486793020914
0.46756213463094565,0.5363093749012926
0.4675612600110648,0.5363628929215836
0.4675674783062156,0.5364093577080253
0.4675806675028299,0.5364488911322058
0.4676007075947911,0.5364816130747637
0.46762747700677654,0.5365076449688433
0.4676608581814836,0.5365271042377312
0.46770073198300666,0.53654010986671
0.4677469813140598,0.5365467788186066
0.46779949147488753,0.5365472256260455
0.46785814580394924,0.536541566815887
0.46792283204157403,0.5365299144723543
0.46799343595535237,0.5365123826849398
0.4680698457379968,0.5364890830852564
0.4681519515760407,0.536460125327767
0.4682396420883087,0.5364256206180622
0.4683328098870776,0.5363856761769444
0.46843134600213654,0.5363404007913164
0.46853514348623704,0.536289901241654
0.4686440977654843,0.536234281903146
0.4687581023027927,0.5361736491466507
0.46887705492930787,0.5361081049350478
0.4690008514985756,0.5360377532414633
0.4691293902639496,0.5359626956073328
0.469262571447269,0.5358830316228584
0.46940029408167716,0.5357988620494045
0.46954245920068494,0.5357102856650464
0.46968897018477807,0.5356173988697355
0.4698397284476278,0.5355203000630093
0.46999463973232547,0.5354190832761967
0.4701536078017686,0.5353138445537872
0.4703165387853837,0.535204677542716
0.47048334076077836,0.5350916739595994
0.4706539202130404,0.5349749270981484
0.4708281875527216,0.534854526336868
0.47100605158277287,0.5347305626466998
0.47118742307680517,0.5346031250458204
0.4713722151133788,0.5344723002173987
0.47156033879718984,0.534338176851773
0.4717517095068159,0.5342008393278549
0.471946240632549,0.5340603740463677
0.4721438478880182,0.5339168650547748
0.472344448901568,0.5337703945045313
0.47254795968773966,0.5336210461463081
0.4727543001424501,0.5334688998606307
0.47296338853013864,0.533314037145185
0.47317514505429437,0.5331565375773473
0.4733894921741636,0.5329964784497536
0.4736063503665341,0.5328339390714204
0.47382564432071284,0.5326689945024691
0.47404729672859314,0.5325017218345812
0.47427123255506054,0.5323321958575666
0.47449737864501806,0.532160489500739
0.474725660204218,0.531986677318811
0.47495600627149814,0.5318108300455237
0.4751883442278758,0.5316330200589512
0.4754226033572606,0.5314533178537904
0.4756587151476813,0.5312717916926102
0.47589660947289414,0.531088511485343
0.4761362184370894,0.5309035448833666
0.47637747599349467,0.5307169577091024
0.47662031443456176,0.530528817432619
0.4768646698430642,0.5303391877463808
0.47711047662219774,0.5301481340095315
0.4773576710458587,0.5299557197305733
0.4776061915460764,0.5297620062325195
0.4778559745508416,0.5295670568773705
0.47810696057828816,0.5293709309023051
0.4783590881254989,0.5291736896006858
0.4786122978625783,0.528975392065516
0.47886653226818776,0.5287760956018982
0.4791217321265262,0.5285758591969365
0.479377841958739,0.5283747381140846
0.4796348045725475,0.5281727893179667
0.47989256460342766,0.5279700679660182
0.480151068786283,0.5277666270895597
0.4804102618331806,0.5275625217781229
0.4806700924733759,0.5273578030700226
0.48093050739624577,0.5271525240789883
0.4811914554031821,0.5269467357799857
0.48145288705857814,0.5267404874060362
0.48171475119557994,0.5265338299094844
0.4819770003272641,0.5263268105764038
0.48223958521259747,0.526119478435235
0.482502458395472,0.5259118807503892
0.48276557445227153,0.5257040627275649
0.4830288862902722,0.5254960712758318
0.4832923488733635,0.5252879512212312
0.48355591889213345,0.5250797456843513
0.4838195512738185,0.5248714995375332
0.48408320457305165,0.5246632540395333
0.4843468355622824,0.5244550522198466
0.48461040275411416,0.5242469353888546
0.484873866643183,0.5240389428489165
0.4851371856606407,0.5238311160017228
0.4854003221105231,0.5236234923426526
0.48566323621690066,0.5234161114830074
0.4859258901924878,0.5232090110192738
0.48618824792535187,0.5230022268939247
0.48645027149640874,0.522795796845265
0.48671192655086504,0.5225897550611496
0.4869731769054424,0.5223841375467269
0.48723398806717755,0.5221789786379024
0.4874943274538054,0.5219743107340449
0.48775416039212616,0.5217701683613898
0.4880134560000323,0.5215665822217265
0.4882721812863372,0.5213635851619516
0.48853030517823026,0.5211612080845002
0.48878779822567575,0.5209594802903188
0.4890446291230641,0.5207584329247735
0.4893007700660783,0.5205580936456445
0.48955619137205986,0.520358491978008
0.4898108649974279,0.5201596558288306
0.49006476473580096,0.5199616112420429
0.4903178626278346,0.5197643860490258
0.49057013257361226,0.519568006195624
0.4908215500531744,0.5193724960688779
0.49107208865250307,0.5191778819388018
0.4913217254043555,0.5189841866421387
0.49157043542753653,0.5187914349185878
0.49181819543191063,0.5185996499376051
0.49206498391035336,0.5184088530597144
0.4923107772090498,0.5182190678280119
0.4925555553141905,0.5180303141119913
0.4927992960476528,0.5178426139814104
0.4930419790198167,0.517655987691285
0.49328358536488115,0.5174704539937292
0.49352409427428734,0.5172860335725435
0.49376348832126693,0.5171027437429068
0.4940017481126565,0.5169206037754024
0.4942388557943782,0.5167396314220747
0.49447479522197624,0.5165598426992508
0.4947095480716789,0.5163812558383463
0.49494309956899185,0.5162038854876102
0.49517543276440246,0.5160277485061737
0.4954065324059427,0.5158528600291743
0.495636384715356,0.5156792337386513
0.4958649739242421,0.5155068852956836
0.49609228757750257,0.5153358270608153
0.4963183112074362,0.5151660733961674
0.49654303182816806,0.5149976372022542
0.4967664380940272,0.5148305297130658
0.49698851680750755,0.5146647640485635
0.49720925643033476,0.5145003516428495
0.49742864685216703,0.5143373025224358
0.4976466759298821,0.5141756287354688
0.49786333478453115,0.5140153390783381
0.49807861248446816,0.5138564443890552
0.49829249953699895,0.5136989540866319
0.4985049880345034,0.5135428759784753
0.49871606783068156,0.5133882201461838
0.4989257321924051,0.5132349932236984
0.4991339721294684,0.5130832041376002
0.49934078024471196,0.5129328601945374
0.4995461505130665,0.5127839673490604
0.4997500748316829,0.5126365336222906
0.49995254829770364,0.512490563847324
0.5001535639080066,0.5123460649463866
0.5003531160478845,0.5122030424728835
0.5005512006194822,0.5120615004365765
0.5007478112542896,0.5119214451532516
0.5009429449223153,0.5117828795653117
0.5011365963028862,0.5116458089412742
0.501328761603946,0.5115102369938771
0.5015194383550146,0.5113761661339342
0.5017086219611371,0.5112436008854695
0.5018963109679594,0.5111125426434183
0.5020825017759012,0.5109829949367615
0.5022671921228831,0.5108549599762274
0.5024503812024996,0.5107284384898239
0.5026320662592877,0.5106034331882996
0.5028122460164873,0.5104799452763455
0.5029909204799861,0.510357974695385
0.5031680874966845,0.5102375235345327
0.5033437480085446,0.5101185907990164
0.5035179007785169,0.510001177661852
0.5036905458676835,0.5098852840169276
0.5038616847460862,0.509770908321927
0.5040313165559079,0.5096580513975433
0.5041994436537148,0.5095467108146012
0.5043660660506095,0.5094368865246042
0.5045311851784071,0.5093285770307519
0.5046948037059467,0.5092217796183025
0.504856922100827,0.50911649376243
0.5050175438739379,0.5090127159057924
0.5051766703156377,0.5089104447003432
0.5053343039695299,0.5088096775634964
0.5054904487341636,0.5087104105302653
0.5056451061495808,0.5086126420292363
0.505798280910417,0.5085163672986068
0.5059499753352964,0.5084215839877279
0.5061001931117106,0.508328288349284
0.5062489391200031,0.5082364754619261
0.5063962160027872,0.5081461426307051
0.5065420293953338,0.5080572841784405
0.5066863826754349,0.5079698966741908
0.5068292804334068,0.5078839754929467
0.5069707285632619,0.5077995146783654
0.5071107309246294,0.5077165103418917
0.5072492927046838,0.5076349572394931
0.5073864202545316,0.507554848981834
0.5075221176572455,0.507476181436301
0.507656391952349,0.5073989475240017
0.5077892478963546,0.5073231424378348
0.5079206914244357,0.507248760210322
0.5080507297406922,0.5071757935772983
0.5081793676426575,0.5071042377161542
0.5083066129848417,0.507034084711053
0.5084324711998267,0.5069653291031594
0.5085569490036994,0.5068979641220548
0.5086800542384359,0.5068319818898648
0.5088017924469268,0.5067673768165359
0.5089221720863112,0.5067041404076511
0.5090411992993729,0.5066422664719863
0.5091588813725264,0.5065817476927766
0.5092752268187062,0.5065225754988666
0.5093902417207984,0.5064647437841283
0.5095039351730054,0.5064082433946685
0.5096163138236117,0.5063530676575878
0.5097273855646426,0.5062992086280598
0.5098371593807118,0.5062466572869382
0.5099456419289212,0.5061954069313959
0.5100528427431779,0.5061454479914412
0.5101587690142959,0.5060967732290882
0.5102634290454386,0.5060493743119394
0.5103668323286479,0.506003241690762
0.510468985905546,0.5059583683017405
0.51056989978642,0.5059147440757835
0.5106695815161137,0.5058723614443447
0.510768039846804,0.5058312116032728
0.5108652845944321,0.5057912847028058
0.510961323569125,0.5057525728862157
0.5110561656723174,0.5057150672233157
0.5111498209656867,0.5056787575956675
0.5112422970468238,0.5056436363839429
0.5113336044513035,0.5056096929941232
0.5114237512354693,0.505576919346539
0.5115127466372849,0.5055453061516009
0.5116006009362746,0.5055148430962255
0.5116873220422395,0.505485522226002
0.5117729206830783,0.5054573327777512
0.5118574052014758,0.5054302663625665
0.511940785005657,0.5054043135437583
0.5120230706342148,0.5053794637262233
0.5121042701449463,0.505355708830722
0.512184394500866,0.5053330378359866
0.512263452169508,0.5053114422514036
0.5123414527716885,0.5052909124047374
0.5124184069467652,0.505271437623207
0.5124943229447513,0.5052530096124233
0.5125692118065625,0.5052356172962856
0.5126430821696795,0.505219251991293
0.5127159437143138,0.5052039039888943
0.5127878072251707,0.5051895624479895
0.512858680992939,0.5051762190566088
0.5129285761840774,0.5051638625901345
0.5129975014554412,0.5051524843687769
0.5130654665945393,0.5051420745537424
0.5131324823848016,0.5051326223282584
0.5131985575516462,0.5051241189210178
0.5132637018446693,0.5051165545541849
0.5133279261031396,0.5051099183321881
0.5133912386601752,0.5051042019007648
0.5134536507061789,0.505099394011455
0.513515170912014,0.5050954859705983
