x                       ,y                       ,z
                        ,                        ,
-2.8435413745864224e-09 ,3.684050998817881e-09   ,-0.1565250780908682
-1.422596068723081e-08  ,1.8399410371937127e-08  ,-0.23413575790349334
-3.9835013759814686e-08 ,5.145227110695361e-08   ,-0.3113125602518252
-8.532663811622321e-08  ,1.1010857994290554e-07  ,-0.3880560030684911
-1.5632541094934282e-07 ,2.015945019556689e-07   ,-0.46436660142088954
0.3065717881374878      ,1.7755739035239823e-05  ,-0.017344949981606267
0.31333061439163185     ,-3.280164894410459e-05  ,-0.1015057735578237
0.31980162429310655     ,-8.123619288386079e-05  ,-0.1853443818627329
-0.18444630770820222    ,1.2447449665493715e-05  ,0.0008230458110915218
-0.05460050869142592    ,3.0964181222807707e-06  ,0.1280718796669543
-0.053935483307156196   ,2.0796913342801963e-06  ,0.04873780707466413
-0.05326739326881255    ,1.2506980065942098e-06  ,-0.030106951043343266
0.019338841416107616    ,2.7720467179324484e-06  ,0.020282841358134143
0.037151184893242234    ,9.23822091198494e-06    ,-0.027132841221397253
0.06605170358707155     ,8.503243615200256e-06   ,-0.05506359551380076
-0.028813568912102253   ,6.1955623974404956e-06  ,0.029173928859552167
-0.005069015719630365   ,4.737714093108899e-06   ,0.007644937227928306
-0.0037142223615858894  ,3.928213142965886e-06   ,0.005691599112706003
-0.002958166405397228   ,3.1486871598291086e-06  ,0.004536834365010539
-0.002364114808167672   ,2.5215651980160385e-06  ,0.0036244650124042654
-0.0018894308531341303  ,2.019134921544817e-06   ,0.0028960981271908964
-0.001510046085898692   ,1.6167790377129504e-06  ,0.002314372018374228
-0.0012068486222403113  ,1.2945853187448668e-06  ,0.0018497157608220877
-0.0009645495695903561  ,1.0365906256796333e-06  ,0.001478545691449562
-0.0007709223159863693  ,8.300055050630418e-07   ,0.0011820408903663593
-0.0006161923309776912  ,6.645868837499396e-07   ,0.0009451764585131917
-0.0004925469127992771  ,5.321317608540879e-07   ,0.0007559551047971874
-0.0003937421381335071  ,4.2607137359605693e-07  ,0.0006047954089812707
-0.000314788151862741   ,3.4114619553338996e-07  ,0.0004840443812333117
-0.0002516974250132975  ,2.7314450581595314e-07  ,0.0003875887311828585
-0.00020128345275260973 ,2.1869419647115682e-07  ,0.00031054474589238545
-0.00016099985277948092 ,1.7509483650544948e-07  ,0.0002490107700609673
-0.00012881177206998384 ,1.4018440288569482e-07  ,0.0001998695790244448
-0.0001030931182626621  ,1.1223138402659205e-07  ,0.00016063060001743346
-8.254444232476399e-05  ,8.984958578819121e-08   ,0.0001293038734348495
-6.61273192904821e-05   ,7.192873757734386e-08   ,0.00010429939923881082
-5.30119060246359e-05   ,5.757992394324213e-08   ,8.43467357417027e-05
-4.25350478051173e-05   ,4.609150970846691e-08   ,6.843074817214356e-05
-3.4166788721173846e-05 ,3.689318378359522e-08   ,5.57403097567466e-05
-2.748361851989678e-05  ,2.9528889756669746e-08  ,4.5627285628555e-05
-2.2147092736124474e-05 ,2.3632784082136144e-08  ,3.75737809286264e-05
-1.788673974559285e-05  ,1.8912583552225196e-08  ,3.116597428395873e-05
-1.4486417614090197e-05 ,1.5133576285585528e-08  ,2.6073188080788512e-05
-1.1773390665159589e-05 ,1.2108489427106668e-08  ,2.2031199194832984e-05
-9.609620871611768e-06  ,9.686701607591583e-09   ,1.8828869846956864e-05
-7.88479259140884e-06   ,7.748267947194607e-09   ,1.629748712719814e-05
-6.5107458001312235e-06 ,6.196522726401823e-09   ,1.4302243436445372e-05
-5.417029184592859e-06  ,4.9545328772921174e-09  ,1.273540953250496e-05
-4.547337366031523e-06  ,3.96053781080321e-09    ,1.1510910967460486e-05
-3.856676944816173e-06  ,3.1649457731291385e-09  ,1.0559962014197732e-05
-3.309089146794064e-06  ,2.5283364488834783e-09  ,9.827598228262513e-06
-2.8758366087816567e-06 ,2.0188386209188596e-09  ,9.269904571382326e-06
-2.5339551082415035e-06 ,1.6112405674625471e-09  ,8.85178125936692e-06
-2.2650908163002192e-06 ,1.2850522792467297e-09  ,8.545189389419505e-06
-2.054576347595982e-06  ,1.024177855301898e-09   ,8.327718362122205e-06
-1.8906919606320738e-06 ,8.154158813369025e-10   ,8.181459924469503e-06
-1.7640672655278022e-06 ,6.485208516184401e-10   ,8.092110440061084e-06
-1.6672190190913927e-06 ,5.149954891413141e-10   ,8.048230920251753e-06
-1.594162114815223e-06  ,4.0817879541798536e-10  ,8.040689870869588e-06
-1.540115614900861e-06  ,3.229095810398358e-10   ,8.062184647314452e-06
-1.5012600294850298e-06 ,2.545730518238952e-10   ,8.106879521851962e-06
-1.474538607534881e-06  ,2.001178331463874e-10   ,8.170117677883115e-06
-1.4575139220540656e-06 ,1.564264908133753e-10   ,8.248168627267294e-06
-1.4482325373654792e-06 ,1.2167995952546692e-10  ,8.338060682872017e-06
-1.4451375165980274e-06 ,9.37498856729923e-11    ,8.437412945400125e-06
-1.4469826760399318e-06 ,7.159929674063234e-11   ,8.544323214232374e-06
-1.4527715662404628e-06 ,5.373962896475293e-11   ,8.657277035875599e-06
-1.4617094305779954e-06 ,3.963558261604041e-11   ,8.775055763618478e-06
-1.4731594850242447e-06 ,2.820348240297225e-11   ,8.896694011703565e-06
-1.4866131971269514e-06 ,1.923543451773805e-11   ,9.02141493105968e-06
-1.5016659166144919e-06 ,1.193060467233441e-11   ,9.14859724608641e-06
-1.5179907348478183e-06 ,6.1357525628533106e-12  ,9.277750765562809e-06
-1.5353297799780563e-06 ,1.5464026143439789e-12  ,9.408474879388229e-06
-1.5534746961032297e-06 ,-2.205886267571061e-12  ,9.540458046838896e-06
-1.5722594667172407e-06 ,-5.135060083321657e-12  ,9.673445856839269e-06
-1.5915533214255762e-06 ,-7.568513345936051e-12  ,9.807234486319816e-06
-1.6112474340856942e-06 ,-9.445489387959318e-12  ,9.941667492713302e-06
-1.6312602796331177e-06 ,-1.1042897864697447e-11 ,1.0076610507808725e-05
-1.6515212288015224e-06 ,-1.2255752959865651e-11 ,1.0211965464218542e-05
-1.6719781097823683e-06 ,-1.3323550168805649e-11 ,1.0347647693559336e-05
-1.6925872509121476e-06 ,-1.4120465129482978e-11 ,1.0483589864274112e-05
-1.7133132464847156e-06 ,-1.4825017976465363e-11 ,1.061974378227526e-05
-1.7341300461576337e-06 ,-1.545883909895926e-11  ,1.0756062280431467e-05
-1.7550133585980676e-06 ,-1.5851475186549243e-11 ,1.0892516534577457e-05
-1.7759472416972732e-06 ,-1.635750466004912e-11  ,1.1029077373603258e-05
-1.796917224392014e-06  ,-1.6624379198391636e-11 ,1.1165721791606131e-05
-1.8179112434152378e-06 ,-1.702892009582726e-11  ,1.1302436986326825e-05
-1.838921273936145e-06  ,-1.721697033043344e-11  ,1.1439204229690692e-05
-1.859939285919765e-06  ,-1.7560625229071005e-11 ,1.1576017002606909e-05
-1.8809592928353824e-06 ,-1.7698752029980287e-11 ,1.1712864653873334e-05
-1.9019784375934323e-06 ,-1.800783506711743e-11  ,1.1849738145580657e-05
-1.922990121305812e-06  ,-1.81166594779005e-11   ,1.1986636686694974e-05
-1.9439944428517597e-06 ,-1.8373049230663662e-11 ,1.2123550333781319e-05
-1.9649867046001024e-06 ,-1.856471221960856e-11  ,1.2260480275125274e-05
-1.985965517037336e-06  ,-1.870088586842059e-11  ,1.2397421591051061e-05
-2.006930992920486e-06  ,-1.8923126826170708e-11 ,1.2534369982913907e-05
-2.0278790122812973e-06 ,-1.9051721435928945e-11 ,1.2671328437907636e-05
-2.048811795565819e-06  ,-1.9269047723230635e-11 ,1.280828997377026e-05
-2.069725590567173e-06  ,-1.9394539466014623e-11 ,1.2945258334035037e-05
-2.0906217312877118e-06 ,-1.9607226871501556e-11 ,1.3082230198441236e-05
-2.111499322610122e-06  ,-1.97332398042459e-11   ,1.3219203249398292e-05
-2.1323572751280606e-06 ,-1.9944032979364977e-11 ,1.3356181223500574e-05
-2.153196213341979e-06  ,-2.00693601330594e-11   ,1.3493158604327427e-05
-2.1740151536636665e-06 ,-2.028029748906797e-11  ,1.3630139426845655e-05
-2.194813638126125e-06  ,-2.0403502031136132e-11 ,1.3767121491425893e-05
-2.2155931759387792e-06 ,-2.058592632584621e-11  ,1.3904102523845663e-05
-2.2363513818568492e-06 ,-2.0807071964116407e-11 ,1.4041086997956809e-05
-2.257089858764827e-06  ,-2.0883916751855008e-11 ,1.417806955866796e-05
-2.277807376743768e-06  ,-2.1142749877033645e-11 ,1.4315055141267408e-05
-2.2985048604012848e-06 ,-2.1219691570635368e-11 ,1.4452038619647278e-05
-2.31918148747845e-06   ,-2.147931248939451e-11  ,1.458902433928988e-05
-2.339836985623678e-06  ,-2.1554049620932326e-11 ,1.4726010324345173e-05
-2.36047311731602e-06   ,-2.1815785316262967e-11 ,1.4862994477532476e-05
-2.381086936995014e-06  ,-2.1889602411201387e-11 ,1.49999815658719e-05
-2.4016816261435148e-06 ,-2.2151108322375306e-11 ,1.5136966033044152e-05
-2.4222542166496552e-06 ,-2.2225187468131782e-11 ,1.527395276403054e-05
-2.442806500482786e-06  ,-2.245354831833515e-11  ,1.5410939373586285e-05
-2.463338737851428e-06  ,-2.2628358183896105e-11 ,1.55479241408657e-05
-2.48384875688179e-06   ,-2.2749664260431676e-11 ,1.568491168717212e-05
-2.504339543032974e-06  ,-2.296164717273451e-11  ,1.5821896530779367e-05
-2.524808185438987e-06  ,-2.308314663747985e-11  ,1.5958883565342363e-05
-2.545256604438717e-06  ,-2.329256923388093e-11  ,1.6095870386534372e-05
-2.565684416658276e-06  ,-2.3415701407571664e-11 ,1.623285543136954e-05
-2.5860909004526977e-06 ,-2.3623546431578263e-11 ,1.6369843017574603e-05
-2.606477067165769e-06  ,-2.374587148874938e-11  ,1.6506828104043136e-05
-2.6268421448455426e-06 ,-2.3953537365287636e-11 ,1.6643815116054728e-05
-2.647185890630732e-06  ,-2.4073309015169476e-11 ,1.678080213847466e-05
-2.6675099872031094e-06 ,-2.4251570195883357e-11 ,1.6917787150350083e-05
-2.687812181156879e-06  ,-2.4468395304378068e-11 ,1.705477482329132e-05
-2.7080941811946646e-06 ,-2.4540119169145586e-11 ,1.7191759947923768e-05
-2.7283550956686e-06    ,-2.479433636180838e-11  ,1.732874698595621e-05
-2.74859466783961e-06   ,-2.4863441359521666e-11 ,1.746573403092755e-05
-2.7688147209020686e-06 ,-2.511902640451516e-11  ,1.7602719037598802e-05
-2.7890123283774715e-06 ,-2.518616723870288e-11  ,1.7739706800745658e-05
-2.8091907047084197e-06 ,-2.5440728432621378e-11 ,1.7876691814355805e-05
-2.8293468852524928e-06 ,-2.5507730750452443e-11 ,1.8013678979023062e-05
-2.8494828267777716e-06 ,-2.5759376218738477e-11 ,1.815066590429848e-05
-2.8695981337673038e-06 ,-2.5827575658821808e-11 ,1.828765102893093e-05
-2.8896919978399493e-06 ,-2.604649074170453e-11  ,1.8424638696667994e-05
-2.909766032288541e-06  ,-2.6212734536600123e-11 ,1.8561623738033717e-05
-2.929818025340647e-06  ,-2.632562489081847e-11  ,1.869861089576208e-05
-2.9498497828434056e-06 ,-2.6526373419853412e-11 ,1.883559781756805e-05
-2.9698609248923757e-06 ,-2.664055891391789e-11  ,1.8972582928322712e-05
-2.989850717699527e-06  ,-2.683935836720164e-11  ,1.9109570561365308e-05
-3.0098201812822634e-06 ,-2.6952775284745604e-11 ,1.924655568252831e-05
-3.029768550627532e-06  ,-2.715127353840727e-11  ,1.938354270841769e-05
-3.0496955863434927e-06 ,-2.7261494441822563e-11 ,1.9520529734307068e-05
-3.069603092542561e-06  ,-2.746117936217355e-11  ,1.965751472016164e-05
-3.089488179175426e-06  ,-2.7569467548161448e-11 ,1.9794502459022367e-05
-3.1093540225207716e-06 ,-2.776818203345268e-11  ,1.993148744487694e-05
-3.1291976770181362e-06 ,-2.7876005304231652e-11 ,2.0068474580053897e-05
-3.149020965861893e-06  ,-2.8040814066495918e-11 ,2.020546149839042e-05
-3.168824175281415e-06  ,-2.824878442490893e-11  ,2.034244650332695e-05
-3.1886050987084413e-06 ,-2.8306009812006754e-11 ,2.047943422830989e-05
-3.2083667823173956e-06 ,-2.8550647459082797e-11 ,2.0616419202021397e-05
-3.228106289221433e-06  ,-2.860760227209353e-11  ,2.075340631985112e-05
-3.24782556404557e-06   ,-2.8849089856578295e-11 ,2.0890393200023727e-05
-3.267524214742301e-06  ,-2.89072587854398e-11   ,2.1027378274349195e-05
-3.2872015595653004e-06 ,-2.914689573528371e-11  ,2.1164365865758428e-05
-3.3068585422041386e-06 ,-2.920393522511939e-11  ,2.1301350943553343e-05
-3.3264944739735958e-06 ,-2.944315816114055e-11  ,2.1438337926074635e-05
-3.3461090495623402e-06 ,-2.9497054179360074e-11 ,2.1575324912065375e-05
-3.3657040175716357e-06 ,-2.970673340027439e-11  ,2.1712309877103264e-05
-3.385277062145642e-06  ,-2.985761490271277e-11  ,2.1849297484125008e-05
-3.4048299440286867e-06 ,-2.996041696218042e-11  ,2.1986282548042135e-05
-3.4243617351437106e-06 ,-3.014862474491479e-11  ,2.2123269514950916e-05
-3.443872211711385e-06  ,-3.024848127377814e-11  ,2.2260256485329144e-05
-3.463363179578849e-06  ,-3.043787675552324e-11  ,2.2397241405264223e-05
-3.4828317140023213e-06 ,-3.05358358511754e-11   ,2.253422908340963e-05
-3.502281046771638e-06  ,-3.072414548962168e-11  ,2.2671214012018326e-05
-3.521708192427697e-06  ,-3.0821649278594914e-11 ,2.280820107954107e-05
-3.541115106003856e-06  ,-3.1006823783405607e-11 ,2.294518791287614e-05
-3.560501440555419e-06  ,-3.1105541582350494e-11 ,2.3082172940364076e-05
-3.579866314842861e-06  ,-3.125811040088958e-11  ,2.321916050748718e-05
-3.599211392465995e-06  ,-3.1454671357851975e-11 ,2.335614544823894e-05
-3.6185344581829426e-06 ,-3.1500972137512586e-11 ,2.3493132501883895e-05
-3.6378372883505428e-06 ,-3.1732124834779883e-11 ,2.3630119319606457e-05
-3.657119544697718e-06  ,-3.1779880340587844e-11 ,2.376710432627771e-05
-3.6763804726197558e-06 ,-3.200884276947222e-11  ,2.3904091848298004e-05
-3.695621097338231e-06  ,-3.20555908884081e-11   ,2.404107686190815e-05
-3.714840631288685e-06  ,-3.228441940667747e-11  ,2.4178063776775227e-05
-3.7340388645695777e-06 ,-3.232786722055305e-11  ,2.431505069511175e-05
-3.7532176047627708e-06 ,-3.2557831160018435e-11 ,2.4452035563005126e-05
-3.7723739288592073e-06 ,-3.259951645714946e-11  ,2.4589023192578274e-05
-3.7915110443625943e-06 ,-3.2828319987946884e-11 ,2.4726008063941096e-05
-3.810625991834682e-06  ,-3.286961641754578e-11  ,2.486299508289158e-05
-3.829720601408737e-06  ,-3.306452732785714e-11  ,2.4999981886736355e-05
-3.84879516278358e-06   ,-3.320580490604175e-11  ,2.513696677371169e-05
-3.867847457247886e-06  ,-3.329312288559624e-11  ,2.5273954382468156e-05
-3.886880530976078e-06  ,-3.3471021483269135e-11 ,2.541093923474902e-05
-3.905891223301983e-06  ,-3.355738054211799e-11  ,2.554792683483187e-05
-3.924882698361221e-06  ,-3.373423675987017e-11  ,2.5684911678439115e-05
-3.943852029675288e-06  ,-3.3820262431844944e-11 ,2.5821898674838195e-05
-3.962801141052519e-06  ,-3.3994054481440654e-11 ,2.5958885423171818e-05
-3.981729676874601e-06  ,-3.4081286354802095e-11 ,2.609587036912775e-05
-4.000636896414611e-06  ,-3.4252924531961835e-11 ,2.6232857832167444e-05
-4.019523835302463e-06  ,-3.433919790813412e-11  ,2.6369842776388652e-05
-4.038389577604162e-06  ,-3.447954856757664e-11  ,2.650682965656126e-05
-4.057234560470024e-06  ,-3.466159153864177e-11  ,2.664381642397684e-05
-4.076059099619722e-06  ,-3.469762818480579e-11  ,2.6780801347381367e-05
-4.094862343304029e-06  ,-3.4915258689284444e-11 ,2.6917788791339103e-05
-4.113645299397284e-06  ,-3.4950499706813196e-11 ,2.7054773718213077e-05
-4.1324071994169875e-06 ,-3.5167677869228235e-11 ,2.719176055154815e-05
-4.15114779876713e-06   ,-3.519951140555908e-11  ,2.7328747384883223e-05
-4.169868939724042e-06  ,-3.5418128756360844e-11 ,2.746573216950987e-05
-4.188567664584197e-06  ,-3.544807507681543e-11  ,2.760271971408157e-05
-4.20724721901522e-06   ,-3.566548307632675e-11  ,2.773970450044294e-05
-4.225904619292731e-06  ,-3.569527663968325e-11  ,2.7876691434391976e-05
-4.2445416938152736e-06 ,-3.5878597651116894e-11 ,2.8013678151500576e-05
-4.263158730546945e-06  ,-3.600839666231679e-11  ,2.8150662951739736e-05
-4.281753528123655e-06  ,-3.608409086167566e-11  ,2.8287650475494752e-05
-4.300329148332338e-06  ,-3.62506278623199e-11   ,2.8424635241039442e-05
-4.318882605713892e-06  ,-3.632608502480244e-11  ,2.8561622152437072e-05
-4.337415896935037e-06  ,-3.6489405973694856e-11 ,2.8698608826177585e-05
-4.355928621274652e-06  ,-3.65661244476452e-11   ,2.8835593690601513e-05
-4.374420046679428e-06  ,-3.672731574394998e-11  ,2.897258107037448e-05
-4.392891196636217e-06  ,-3.680304329523115e-11  ,2.9109565938267856e-05
-4.411341320009754e-06  ,-3.696397285835523e-11  ,2.924655270741816e-05
-4.429770149652623e-06  ,-3.703652355962816e-11  ,2.9383539480037912e-05
-4.448179522636986e-06  ,-3.719858309117366e-11  ,2.9520524202214515e-05
-4.466566517688508e-06  ,-3.7269205151365254e-11 ,2.9657511682601445e-05
-4.484934210471914e-06  ,-3.739942122041255e-11  ,2.97944964307989e-05
-4.503280293804979e-06  ,-3.756857412349571e-11  ,2.993148321729644e-05
-4.52160524994083e-06   ,-3.758995500855964e-11  ,3.006846996389534e-05
-4.539910747683451e-06  ,-3.7797997682410527e-11 ,3.0205454668724707e-05
-4.558193877901573e-06  ,-3.781756951685736e-11  ,3.0342442124825508e-05
-4.576457841160009e-06  ,-3.802450585980001e-11  ,3.047942682618543e-05
-4.594699664142721e-06  ,-3.804378356205591e-11  ,3.0616413675133014e-05
-4.612921320965024e-06  ,-3.824762582599114e-11  ,3.075340028121931e-05
-4.631122424783585e-06  ,-3.8268015814855685e-11 ,3.089038507972375e-05
-4.64930227130067e-06   ,-3.846978435684758e-11  ,3.1027372398781394e-05
-4.667461835430875e-06  ,-3.8489135353923196e-11 ,3.116435719555111e-05
-4.685600265424972e-06  ,-3.865978252900443e-11  ,3.130134392827222e-05
-4.703717946391572e-06  ,-3.8774960295696835e-11 ,3.143833054650158e-05
-4.7218152270100955e-06 ,-3.8841051709002466e-11 ,3.157531532245461e-05
-4.739891253796591e-06  ,-3.8991913676743496e-11 ,3.1712302615491406e-05
-4.7579470138087165e-06 ,-3.90571800799585e-11   ,3.1849287391444436e-05
-4.775981761115378e-06  ,-3.9207545395224865e-11 ,3.198627407385857e-05
-4.7939952563247346e-06 ,-3.926974008639621e-11  ,3.21232607562727e-05
-4.811989284467244e-06  ,-3.9421314832362357e-11 ,3.2260245389978404e-05
-4.829960974575553e-06  ,-3.94815345073985e-11   ,3.239723278015971e-05
-4.847913495989453e-06  ,-3.96321620323016e-11   ,3.253421741039597e-05
-4.8658439256998864e-06 ,-3.9691905463063153e-11 ,3.2671204193424064e-05
-4.883754066084545e-06  ,-3.980850081880213e-11  ,3.280819075440755e-05
-4.901644180821396e-06  ,-3.996843218006765e-11  ,3.29451753985216e-05
-4.919512118853331e-06  ,-3.997745596616188e-11  ,3.308216276441678e-05
-4.937360888190856e-06  ,-4.0173802994365537e-11 ,3.3219147373836355e-05
-4.95518754847768e-06   ,-4.018262862768967e-11  ,3.335613412910887e-05
-4.972994072094394e-06  ,-4.037602398430016e-11  ,3.3493120643254826e-05
-4.990780068728218e-06  ,-4.038583696687322e-11  ,3.3630105348084194e-05
-5.00854480979529e-06   ,-4.057734529289591e-11  ,3.3767092569997326e-05
-5.026289303169951e-06  ,-4.0586262008731653e-11 ,3.3904077274826694e-05
-5.044012795982211e-06  ,-4.077717415590837e-11  ,3.404106388438244e-05
-5.061715052309679e-06  ,-4.078302178020864e-11  ,3.4178050493938184e-05
-5.079397753099402e-06  ,-4.094423488761181e-11  ,3.431503508254108e-05
-5.097058644945585e-06  ,-4.1047047879098434e-11 ,3.445202231312783e-05
-5.114699446959192e-06  ,-4.110165400209533e-11  ,3.458900699540579e-05
-5.132319244940953e-06  ,-4.1241566348457424e-11 ,3.472599357720596e-05
-5.149917815111538e-06  ,-4.1293327684831187e-11 ,3.4862980162475576e-05
-5.167496963318086e-06  ,-4.143453612395148e-11  ,3.4999964697302044e-05
-5.185053782164051e-06  ,-4.148423054111526e-11  ,3.5136951993808285e-05
-5.202591446193394e-06  ,-4.1624375503900496e-11 ,3.5273936525165306e-05
-5.22010704800957e-06   ,-4.167361945835502e-11  ,3.541092320584471e-05
-5.237602506216743e-06  ,-4.181077688299573e-11  ,3.554790964539756e-05
-5.255077447849366e-06  ,-4.186120109845291e-11  ,3.568489427389909e-05
-5.272531166874983e-06  ,-4.1996235540890444e-11 ,3.5821881421219115e-05
-5.289964669433211e-06  ,-4.204583037874337e-11  ,3.5958866051455374e-05
-5.3073770361206085e-06 ,-4.2149470736131e-11    ,3.609585261070414e-05
-5.324768724904172e-06  ,-4.229481171665205e-11  ,3.623283906066532e-05
-5.342140049768851e-06  ,-4.22941848858013e-11   ,3.636982365967656e-05
-5.3594901398834605e-06 ,-4.247510500881573e-11  ,3.650681078271045e-05
-5.37682004302098e-06   ,-4.247345771502178e-11  ,3.6643795385191136e-05
-5.394128688857025e-06  ,-4.2653516299649734e-11 ,3.678078249434724e-05
-5.411417144246533e-06  ,-4.2650883191854076e-11 ,3.691776708468486e-05
-5.428684616420876e-06  ,-4.283041492198884e-11  ,3.70547535832183e-05
-5.445930874661831e-06  ,-4.282474933036289e-11  ,3.7191740076547575e-05
-5.441491618407568e-06  ,-5.5924768369685225e-09 ,3.732870745842831e-05
-5.41155570181473e-06   ,-1.1536684289884636e-08 ,3.746569153355306e-05
4.36393410522401e-05    ,-1.262825438359697e-08  ,3.752615469580778e-05
0.0006554904121922056   ,-1.2767828834381541e-08 ,3.6798991983819085e-05
0.0018306534543769543   ,-1.2850594921849088e-08 ,3.623909196510955e-05
0.0035679984609123666   ,-1.2936810738479777e-08 ,3.581560737223044e-05
0.00586637968856725     ,-1.3026003915598264e-08 ,3.550113458067328e-05
0.00872466717586999     ,-1.3117498856999432e-08 ,3.5273850292061315e-05
0.012141746868055484    ,-1.3210488686588675e-08 ,3.51163095112933e-05
0.01611651751077907     ,-1.3304696623036178e-08 ,3.5014554049597746e-05
0.020647889672905165    ,-1.3399628596656018e-08 ,3.495741853279388e-05
0.025675748793401593    ,6.122767394677385e-05   ,4.022064473141462e-05
0.030736388850281793    ,0.00012230906507947745  ,0.00025122592937042165
0.035810719314199185    ,0.00027436874153648563  ,0.0009110850036370827
0.04089436368800298     ,0.0004901161519689544   ,0.0020338464921734745
0.04598395407109067     ,0.0007729357985855705   ,0.003618720966264491
0.05107293280095376     ,0.0011029250944847545   ,0.0056977341978247525
0.05615323374070537     ,0.0014505454325405259   ,0.008317047062139649
0.0612204729910585      ,0.0018224383105747677   ,0.011475732113915005
0.06627019489649846     ,0.0022253512821086853   ,0.01517286886441871
0.07129786991818578     ,0.00266613823874954     ,0.019407535117225636
0.07629889418235732     ,0.0031517598050009076   ,0.02417880512908116
0.08126858883779689     ,0.003689284110246735    ,0.029485746473904492
0.08620219876799562     ,0.004285887195306776    ,0.03532741734049022
0.09109489305479321     ,0.0049488537322299915   ,0.04170286418185912
0.09594176285005092     ,0.005685577438342209    ,0.048611118137458637
0.10073782212848513     ,0.0065035617689203785   ,0.05605119275997085
0.10547800582952523     ,0.007410420297451626    ,0.06402208050707882
0.1101571697838706      ,0.008413877412236294    ,0.07252274957721301
0.11477008997998889     ,0.009521768632819819    ,0.08155214120045447
0.11931146165986874     ,0.010742041304871497    ,0.09110916556855433
0.12377589887803755     ,0.012082754874448143    ,0.10119269920007626
0.1281579339017791      ,0.013552081542480622    ,0.11180158093597632
0.13245201592202402     ,0.015158306521493034    ,0.12293460837995741
0.13665251157686692     ,0.01690982862429427     ,0.13459053466323595
0.1407214181973586      ,0.0187174095824255      ,0.1466854370623348
0.1445035514907964      ,0.02013294898927276     ,0.15883556076494096
0.1480052234297275      ,0.021191205607242542    ,0.17107706888664503
0.15123219608918942     ,0.0219239860500569      ,0.18345187943530003
0.15418940598547343     ,0.022359663392940606    ,0.19600602306678142
0.1568806984300012      ,0.022522741687770225    ,0.20878816065588757
0.1593085923848464      ,0.02243347725252394     ,0.22184831871959776
0.1614740794564258      ,0.022107562956978882    ,0.23523683063355996
0.16341951932560828     ,0.021446104128504156    ,0.2490130529846767
0.1651324666335427      ,0.020537466555499255    ,0.26298917148876927
0.16649314446441457     ,0.01974870811754999     ,0.27691947761833074
0.1674767280028539      ,0.019081597370552983    ,0.29080327443149406
0.1682734565972791      ,0.019053841140669645    ,0.3046829436422517
0.1688773888235233      ,0.019582621409394187    ,0.3185952246053392
0.1692920782276966      ,0.02058469746786919     ,0.3325885331795786
0.16952878100976765     ,0.021980075048616304    ,0.34671822123420737
0.16960497006701483     ,0.023695447242373463    ,0.3610425365543693
0.16949096362205152     ,0.025490247988419486    ,0.3754587276552715
0.16918853592337926     ,0.027252207477292362    ,0.38994646013356876
0.16870171265913161     ,0.028891638511380886    ,0.40448157963525116
0.16803514605831862     ,0.030341731022214033    ,0.41903469799610404
0.16718727102947584     ,0.031576928029083226    ,0.4335713917302565
0.16616121474005185     ,0.03258221629581976     ,0.44805596499705724
0.1649646656087713      ,0.033352566384941176    ,0.4624521690273706
0.16360966331182072     ,0.033892051468829086    ,0.47672363082875213
0.16211233028082597     ,0.034212717658125676    ,0.4908340288754115
0.16046868252240185     ,0.03427181735625353     ,0.5047390936299516
0.15863680383381046     ,0.033931494580680836    ,0.5183834190854198
0.15664702676599326     ,0.03325517049824014     ,0.5317420092077335
0.15453225382425043     ,0.03231219175256798     ,0.5447905251199509
0.15232700176962335     ,0.03117319551811646     ,0.5575044512425853
0.15004012653006304     ,0.029974127488516373    ,0.5698520739688823
0.14766502758278321     ,0.028871528343148396    ,0.5817993548662345
0.14522293840552383     ,0.027918431773365365    ,0.5933236059596191
0.1427343787861017      ,0.027148831423309597    ,0.6044054333833732
0.14021890100127976     ,0.026578824324868973    ,0.6150290590774786
0.13769487805976796     ,0.02620870743839823     ,0.6251823963212069
0.13517934174009372     ,0.026025722338481612    ,0.6348569443910614
0.1326878626226602      ,0.02600715624490198     ,0.6440475744368783
0.13023447419587345     ,0.026123539123085442    ,0.6527522787189606
0.1278316342899991      ,0.026341715534586047    ,0.6609719320280656
0.1254902207904092      ,0.026627618526315223    ,0.6687100874441416
0.12321955563854639     ,0.026948620502275374    ,0.675972809129656
0.1210274550127264      ,0.027275386122370186    ,0.6827685284876255
0.11892029551053944     ,0.0275831953271315      ,0.6891079012726793
0.1169030972287162      ,0.027852744784933898    ,0.6950036505414744
0.11497961262355895     ,0.028070466048228267    ,0.7004703795292291
0.11315242161340396     ,0.02822842372159247     ,0.7055243527617702
0.11142302634821813     ,0.028323870971172806    ,0.7101832488679016
0.10979194355768135     ,0.02835854950138301     ,0.7144658922507985
0.10825879295504014     ,0.028337820793161758    ,0.7183919784637324
0.10682238011683852     ,0.028269712976487563    ,0.7219818016661119
0.1054807726678323      ,0.028163957298536334    ,0.7252559956809485
0.10423137258854485     ,0.028031077920077918    ,0.7282352952208484
0.1030709802754548      ,0.02788158340300624     ,0.7309403185268154
0.10199585695752633     ,0.027725295044820533    ,0.7333913754920331
0.10100178033202109     ,0.02757083141177903     ,0.735608296979058
0.10008409904909213     ,0.027425256547297053    ,0.7376102855940688
0.09923778421429101     ,0.027293886288173124    ,0.7394157857454203
0.09845747947254124     ,0.027180239391872557    ,0.7410423693617468
0.09773755095432782     ,0.02708611161769919     ,0.7425066390364943
0.0970721372988391      ,0.027011748193785535    ,0.7438241447853197
0.0964551996580857      ,0.026956086405764777    ,0.7450093158801602
0.09588057466090698     ,0.026917041671415884    ,0.7460754074782929
0.09534202588877723     ,0.026891810817555265    ,0.7470344597433759
0.09483329950595032     ,0.026877170818592363    ,0.747897272095406
0.09434817805022838     ,0.026869753982654634    ,0.7486733889012844
0.09388053648207162     ,0.026866286527865192    ,0.7493710978725976
0.09342439724279589     ,0.02686378073840862     ,0.7499974402866011
0.0929739842097186      ,0.02685967692416186     ,0.7505582303950903
0.09252377518368174     ,0.02685193382316077     ,0.751058086184593
0.09206855155103645     ,0.026839071099631247    ,0.7515004678692316
0.0916034436271966      ,0.026820168612503616    ,0.7518877253510498
0.09112397338891659     ,0.026794830475375224    ,0.7522211541153775
0.09062608936080858     ,0.026763121546783016    ,0.7525010570659171
0.09010619855499315     ,0.026725485670255327    ,0.7527268147315552
0.08956118935534753     ,0.02668265337326444     ,0.7528969601543478
0.08898844941247937     ,0.02663554731428949     ,0.7530092596765222
0.08838587574293982     ,0.026585191211893084    ,0.753060798696123
0.08775187759158844     ,0.026532628158378296    ,0.7530480696485222
0.08708537258113845     ,0.02647885118854231     ,0.752967064082205
0.08638577593365025     ,0.026424749152722648    ,0.7528133648644283
0.08565298252091735     ,0.02637106803388134     ,0.7525822392379435
0.0848873447272698      ,0.02631838819966729     ,0.7522687316421639
0.08408964277664167     ,0.026267115705684574    ,0.7518677536955259
0.08326105223639343     ,0.026217486456851184    ,0.7513741718652572
0.08240310700467247     ,0.02616958013155991     ,0.7507828918277004
0.08151765926571984     ,0.026123342049542628    ,0.7500889368627917
0.08060683768413082     ,0.026078609550383818    ,0.7492875223898132
0.07967300424866625     ,0.026035141188176375    ,0.7483741231042174
0.0787187099312893      ,0.025992645742595535    ,0.7473445339764434
0.07774665242806997     ,0.025950809913195816    ,0.7461949247672267
0.07675963229152906     ,0.025909322562260497    ,0.744921885777669
0.07576051351392346     ,0.02586789515974944     ,0.7435224677111718
0.07475218363783495     ,0.02582627717872708     ,0.7419942125061751
0.07373751820939287     ,0.025784266935503265    ,0.740335177183013
0.07271934739215037     ,0.025741717281378088    ,0.7385439507290731
0.071700425645237       ,0.02569853733096726     ,0.7366196624932209
0.07068340503488951     ,0.025654690043583426    ,0.7345619852611313
0.06967081184401473     ,0.025610187193507786    ,0.7323711305475405
0.06866502584660338     ,0.02556508176584189     ,0.7300478383488462
0.06766826467736846     ,0.025519459312356267    ,0.7275933619353692
0.0666825688539624      ,0.025473428343712745    ,0.7250094462607631
0.06570979268965237     ,0.02542711109709654     ,0.7222983035790193
0.0647515955276845      ,0.02538063457971666     ,0.7194625838039814
0.06380943742540987     ,0.025334123009902298    ,0.7165053421681056
0.06288457658140852     ,0.02528769123106775     ,0.713430004630089
0.06197806892799598     ,0.025241440033084688    ,0.7102403298553939
0.0610907700774304      ,0.02519545264821968     ,0.7069403711187638
0.060223338989424946    ,0.02514979315091856     ,0.7035344358381906
0.05937624253198395     ,0.02510450586887215     ,0.7000270450030766
0.05854976318713477     ,0.02505961632473649     ,0.6964228930280564
0.057744005455740224    ,0.025015132793695504    ,0.692726806558866
0.056958906105051416    ,0.024971048877244634    ,0.6889437055862674
0.05619424280538764     ,0.024927346180615966    ,0.6850785642663615
0.055449645284512405    ,0.02488399753119465     ,0.6811363737017906
0.054724606431265366    ,0.02484096980957546     ,0.6771221068625488
0.054018493861308914    ,0.024798226966596913    ,0.673040684191259
0.05333056225674884     ,0.0247557323207687      ,0.6688969428664954
0.05265996595820582     ,0.02471345080957716     ,0.6646956071495042
0.05200577111440924     ,0.024671350398890006    ,0.6604412617059741
0.05136696964578094     ,0.024629403343256768    ,0.6561383280323935
0.0507424911433893      ,0.02458758663769888     ,0.6517910426243889
0.05013121640740775     ,0.024545882384811434    ,0.6474034384208321
0.04953199017757037     ,0.02450427743340769     ,0.6429793295122666
0.0489436335774987      ,0.024462763105872597    ,0.6385222974300137
0.048364956599281084    ,0.024421334336673095    ,0.6340356817190196
0.04779477011648131     ,0.024379989060267       ,0.6295225720298891
0.04723189674320921     ,0.024338727189111495    ,0.6249858033832573
0.04667518282481034     ,0.024297549946963783    ,0.6204279545806851
0.04612350732381698     ,0.02425645894813021     ,0.6158513478240618
0.045575792691560785    ,0.024215455708447714    ,0.6112580522763672
0.045031012484892524    ,0.0241745409699976      ,0.606649888565472
0.044488199816585666    ,0.024133714519100104    ,0.6020284359351952
0.043946454205204266    ,0.024092974799674437    ,0.5973950417828972
0.0434049473819198      ,0.024052319046274744    ,0.5927508317309649
0.04286292843344239     ,0.024011743169748394    ,0.5880967227338968
0.04231972784184482     ,0.023971242121903057    ,0.5834334363298277
0.04177475982372614     ,0.02393080998504835     ,0.5787615135321583
0.041227525322193315    ,0.023890440452790495    ,0.5740813312176407
0.040677611554119225    ,0.023850127014293787    ,0.5693931179807238
0.040124693262345856    ,0.023809863459944673    ,0.5646969720864287
0.0395685305912101      ,0.023769644043047933    ,0.5599928784750657
0.03900896775414775     ,0.023729463943537345    ,0.5552807264700699
0.03844593019400322     ,0.023689319324139528    ,0.5505603279031129
0.03787942090639762     ,0.02364920769900615     ,0.5458314338110948
0.037309516408616517    ,0.023609127865325923    ,0.5410937522070114
0.03673636202617542     ,0.023569080142218576    ,0.5363469640852353
0.03616016599570365     ,0.0235290661959155      ,0.5315907391997415
0.035581194809848615    ,0.023489089149206915    ,0.5268247515483743
0.034999765805163174    ,0.02344915332296634     ,0.5220486926234141
0.03441624217325606     ,0.023409264262313698    ,0.5172622851589703
0.0338310253894733      ,0.023369428412953197    ,0.5124652944501623
0.03324454924013079     ,0.023329653120733596    ,0.5076575390223631
0.03265727312915315     ,0.023289946269273998    ,0.5028389004494843
0.03206967573694125     ,0.023250316281608376    ,0.4980093310249373
0.03148224811048983     ,0.023210771776587154    ,0.49316886053900333
0.030895488629251178    ,0.023171321575217625    ,0.48831760227582843
0.0303098958279735      ,0.02313197440018816     ,0.4834557564195596
0.029725964197150484    ,0.023092738914701726    ,0.4785836137178451
0.02914417793040483     ,0.023053623456500277    ,0.47370155660661495
0.02856500673276141     ,0.02301463613023271     ,0.46881005968492373
0.027988901377784536    ,0.022975784562825896    ,0.4639096894977629
0.027416289632410662    ,0.0229370760435341      ,0.4590011020450119
0.026847572962847288    ,0.022898517306936365    ,0.45408504074376244
0.026283123627467847    ,0.02286011469433257     ,0.4491623322660093
0.025723281573304668    ,0.02282187397137283     ,0.4442338820098979
0.025168353453532827    ,0.022783800488613073    ,0.4393006693620416
0.02461860970343066     ,0.022745899022860727    ,0.43436374103421327
0.02407428471200984     ,0.022708173941610003    ,0.42942420538144566
0.023535575025084715    ,0.022670629044066644    ,0.4244832249795383
0.023002639622213966    ,0.02263326774052006     ,0.4195420093907054
0.02247559991911882     ,0.022596092877334023    ,0.4146018081118419
0.021954540065777933    ,0.022559106927669964    ,0.409663902158075
0.021439507915180234    ,0.022522311812596223    ,0.4047295970082132
0.02093051623261455     ,0.022485709086995757    ,0.3998002143522916
0.020427543537197834    ,0.022449299774445625    ,0.39487708438466773
0.01993053685401744     ,0.02241308453874817     ,0.389961538782721
0.0194394123114415      ,0.022377063533629386    ,0.3850549026426786
0.01895405857944843     ,0.022341236575145265    ,0.3801584882298925
0.01847433809102836     ,0.022305602992286552    ,0.3752735878015806
0.01800009006016484     ,0.02227016181819471     ,0.3704014673728412
0.01753113289991101     ,0.022234911632750508    ,0.3655433613263398
0.01706726699273603     ,0.022199850766992102    ,0.3607004666588559
0.016608276809410016    ,0.022164977160947508    ,0.3558739381543802
0.016153934698611566    ,0.022130288559702588    ,0.3510648846221792
0.015704002295450353    ,0.022095782388487084    ,0.34627436442702386
0.015258234532980475    ,0.022061455950514626    ,0.34150338310451334
0.01481638122056983     ,0.022027306301646357    ,0.33675289027905453
0.014378190194695717    ,0.021993330463159107    ,0.33202377769489533
0.013943409711822397    ,0.021959525282467043    ,0.3273168782602365
0.013511790648977617    ,0.02192588765692529     ,0.3226329644624992
0.013083088893875439    ,0.021892414390091604    ,0.3179727487574169
0.012657067504969616    ,0.021859102408637067    ,0.3133368832846789
0.01223349805106605     ,0.02182594862701684     ,0.3087259605355358
0.011812163411787507    ,0.021792950144619745    ,0.3041405150072257
0.011392858015428498    ,0.021760104115785446    ,0.29958102402571907
0.010975390504569527    ,0.02172740793767499     ,0.2950479104759235
0.010559583823406549    ,0.021694859109316726    ,0.2905415446200488
0.010145276745199272    ,0.021662455424365304    ,0.28606224677184267
0.009732324534182657    ,0.0216301948081166      ,0.28161029069261045
0.0093205993282712      ,0.021598075513697135    ,0.27718590603888205
0.008909990645598193    ,0.021566095948825914    ,0.272789282435959
0.008500405617221929    ,0.021534254860859983    ,0.2684205725110578
0.008091768378064301    ,0.021502551168469004    ,0.2640798954936241
0.007684020915825485    ,0.02147098412577566     ,0.25976734140681357
0.007277121378684859    ,0.021439553158423413    ,0.2554829740231135
0.00687104484753398     ,0.021408258019189018    ,0.25122683532147194
0.006465781588190639    ,0.021377098614694043    ,0.24699894862614813
0.0060613368174471105   ,0.02134607516787127     ,0.24279932220275247
0.0056577296930274135   ,0.02131518802604617     ,0.23862795318355112
0.0052549921285248435   ,0.02128443782995794     ,0.2344848301673863
0.004853167847700124    ,0.021253825315525714    ,0.2303699370824197
0.0044523112912898954   ,0.021223351475967156    ,0.22628325566551033
0.004052485817279683    ,0.02119301737237532     ,0.22222476818770098
0.0036537634514541284   ,0.02116282428065233     ,0.21819446042456447
0.00325622258528363     ,0.021132773505868827    ,0.21419232345953887
0.0028599472592164      ,0.021102866535506817    ,0.2102183557205206
0.0024650257925487584   ,0.02107310483967159     ,0.2062725651991726
0.0020715493568787546   ,0.021043490034062043    ,0.20235497021919846
0.0016796109052474861   ,0.021014023677334154    ,0.19846560136993485
0.0012893040657255272   ,0.02098470743058193     ,0.1946045019821374
0.0009007214335533809   ,0.020955542866465775    ,0.19077172879927717
0.0005139545634254283   ,0.020926531616198216    ,0.18696735291753863
0.0001290916583074342   ,0.020897675189888998    ,0.1831914592141104
-0.0002537820426029569  ,0.020868975122599262    ,0.17944414705345357
-0.000634586169723228   ,0.020840432792719465    ,0.17572552949862708
-0.00101324539823755    ,0.02081204958127858     ,0.17203573285312634
-0.0013896901928725502  ,0.02078382667926315     ,0.168374896455048
-0.0017638575356901387  ,0.02075576525935232     ,0.1647431711113978
-0.0021356912356350344  ,0.02072786628328112     ,0.16114071881004333
-0.0025051422227855003  ,0.020700130672715936    ,0.1575677111019247
-0.0028721694040265144  ,0.0206725591302857      ,0.15402432782424258
-0.0032367387886103605  ,0.02064515230032829     ,0.15051075624936128
-0.003598824900231945   ,0.02061791060238658     ,0.1470271888904251
-0.003958409479178082   ,0.020590834392407616    ,0.1435738227626715
-0.004315482482052102   ,0.02056392379528281     ,0.1401508573323773
-0.004670041359421118   ,0.020537178879552823    ,0.13675849298419585
-0.005022090922832123   ,0.020510599479549828    ,0.13339692993061258
-0.0053716432221705135  ,0.020484185382097127    ,0.13006636594964371
-0.0057187170380557095  ,0.020457936148369528    ,0.1267669955891393
-0.0060633374004588625  ,0.020431851299124518    ,0.1234990082230325
-0.006405535715462568   ,0.020405930148894788    ,0.12026258662714562
-0.006745348260710909   ,0.020380171980992345    ,0.11705790610361255
-0.007082816683001009   ,0.020354575888044922    ,0.11388513276286427
-0.007417986873085869   ,0.020329140955272114    ,0.11074442238878657
-0.007750908481766322   ,0.02030386608981201     ,0.10763591985063492
-0.008081634500459178   ,0.020278750214027495    ,0.10455975743722812
-0.008410220509798283   ,0.02025379209281107     ,0.1015160547419014
-0.008736724008091834   ,0.020228990523629004    ,0.09850491747145917
-0.009061204402038142   ,0.020204344174046263    ,0.09552643683616302
-0.009383721367283576   ,0.0201798517592347      ,0.09258068958703514
-0.009704335606923464   ,0.020155511888033696    ,0.08966773690813334
-0.010023107002425646   ,0.020131323237570012    ,0.0867876249472932
-0.0103400951752472     ,0.02010728439487495     ,0.08394038419007321
-0.010655358430936013   ,0.020083394040781508    ,0.08112602948834313
-0.010968953399276282   ,0.02005965077803238     ,0.07834456064556572
-0.011280934788974323   ,0.020036053322945203    ,0.07559596191722417
-0.011591354855764596   ,0.020012600329672933    ,0.07288020304938025
-0.011900262992525779   ,0.019989290576962436    ,0.0701972392111172
-0.012207706019388975   ,0.019966122800732858    ,0.06754701147185238
-0.012513726873514958   ,0.019943095867186282    ,0.06492944787975241
-0.012818365728761022   ,0.019920208612334532    ,0.06234446333705512
-0.013121658525031      ,0.019897460011181548    ,0.05979196105382334
-0.013423637931081478   ,0.019874849011892494    ,0.05727183277237646
-0.013724332698937525   ,0.019852374713198728    ,0.05478395957267401
-0.014023767723733704   ,0.019830036184781928    ,0.05232821315492853
-0.01432196422162385    ,0.019807832651715963    ,0.049904455951960136
-0.014618939618710192   ,0.01978576331079958     ,0.04751254269677596
-0.014914707556920592   ,0.019763827510075986    ,0.04515232079452258
-0.01520927859131882    ,0.019742024573255433    ,0.04282363115212795
-0.015502659319294176   ,0.019720353966850603    ,0.04052630947476432
-0.015794853582849766   ,0.01969881512760112     ,0.03826018661262642
-0.016085862091286263   ,0.019677407635010878    ,0.036025089372726526
-0.016375682729233287   ,0.019656131026328516    ,0.03382084174763378
-0.016664310960354256   ,0.019634984976617774    ,0.03164726491153291
-0.016951739918516506   ,0.019613969110513982    ,0.029504178619244037
-0.017237960590364004   ,0.019593083178255123    ,0.027391401357074185
-0.017522962665852265   ,0.01957232687620561     ,0.025308750905145283
-0.017806733742360692   ,0.019551700010958517    ,0.023256045375563694
-0.018089260925058248   ,0.019531202327655213    ,0.021233102919321345
-0.018370529781035205   ,0.01951083367174051     ,0.01923974290374275
-0.018650525687755742   ,0.01949059381364804     ,0.01727578574831079
-0.018929233516741528   ,0.019470482620049558    ,0.015341053246326064
-0.019206637974302637   ,0.01945049986708941     ,0.013435369277836617
-0.0194827240087396     ,0.01943064542009581     ,0.011558559268820545
-0.019757476876110236   ,0.019410919044796082    ,0.009710451044364632
-0.02003088227173558    ,0.019391320584159592    ,0.007890874424126837
-0.020302927106335966   ,0.01937184977918345     ,0.006099661230551945
-0.020573598609602284   ,0.01935250643509724     ,0.00433664577947912
-0.020842885815174766   ,0.019333290250623733    ,0.0026016640473081054
-0.021110778374775624   ,0.019314200982754187    ,0.0008945543283067625
-0.021377267756753776   ,0.019295238273209225    ,-0.0007848434323554088
-0.02164234676223925    ,0.019276401823157575    ,-0.002436687793427872
-0.021906009688595768   ,0.019257691209113338    ,-0.004061135552402284
-0.022168252551274525   ,0.019239106066387332    ,-0.005658342704273345
-0.022429072956291207   ,0.019220645903457803    ,-0.0072284639691388985
-0.02268847003550345    ,0.019202310282931574    ,-0.008771653543737656
-0.02294644502533194    ,0.019184098645498235    ,-0.010288065400265722
-0.023203000219323977   ,0.01916601048136419     ,-0.011777853110794823
-0.023458139962913294   ,0.019148045158713656    ,-0.013241170613187414
-0.02371187001864311    ,0.01913020210193503     ,-0.014678172481907836
-0.023964197585622793   ,0.01911248061007339     ,-0.016089013743753044
-0.02421513138509135    ,0.019094880043382667    ,-0.017473850889460074
-0.02446468140529512    ,0.01907739964006165     ,-0.018832841419264
-0.024712858717676478   ,0.01906003870006962     ,-0.020166144585664902
-0.024959675949121074   ,0.019042796410939297    ,-0.021473921654441286
-0.025205146085803543   ,0.01902567202123097     ,-0.022756335615242707
-0.02544928368227589    ,0.019008664674069302    ,-0.02401355215631007
-0.0256921034048202     ,0.01899177357884453     ,-0.02524573907961014
-0.02593362098701063    ,0.018974997841516607    ,-0.026453066984594154
-0.026173852515840035   ,0.01895833664522853     ,-0.027635709380635642
-0.02641281438921228    ,0.018941789069848274    ,-0.028793842321794827
-0.02665052335411311    ,0.01892535428013771     ,-0.0299276452211672
-0.02688699621778562    ,0.018909031343054133    ,-0.031037300180530858
-0.027122249644968843   ,0.01889281941266658     ,-0.03212299250718309
-0.02735630062620023    ,0.018876717555774483    ,-0.03318491073805996
-0.027589165287035533   ,0.018860724926163253    ,-0.03422324610627414
-0.027820860120816165   ,0.018844840597203455    ,-0.035238193270364926
-0.028051400560662187   ,0.01882906373392411     ,-0.03622994948002112
-0.028280801980622855   ,0.018813393421936858    ,-0.03719871501506322
-0.028509079032925516   ,0.018797828847793435    ,-0.03814469305604695
-0.028736245666967364   ,0.01878236911697414     ,-0.03906808908332726
-0.028962315237274217   ,0.0187670134412371      ,-0.039969111467308416
-0.029187300289709728   ,0.018751760954092284    ,-0.04084797058095946
-0.029411212440218215   ,0.01873661089465961     ,-0.04170487911628329
-0.029634062930040256   ,0.018721562431027287    ,-0.042540051919920385
-0.029855861571320003   ,0.018706614834117924    ,-0.04335370533598004
-0.030076617774793535   ,0.01869176730412772     ,-0.044146057483651635
-0.03029633996178699    ,0.018677019149789323    ,-0.04491732803207915
-0.030515035657565498   ,0.018662369604476384    ,-0.04566773751740749
-0.030732711672743634   ,0.018647818012314243    ,-0.04639750786869512
-0.030949373960326848   ,0.018633363641861085    ,-0.04710686147008092
-0.031165027562080755   ,0.018619005868844574    ,-0.047796021441698366
-0.03137967722969398    ,0.01860474399769524     ,-0.048465211457238144
-0.03159332637935053    ,0.018590577433958907    ,-0.049114655029908194
-0.031805978477704444   ,0.018576505512485353    ,-0.04974457609835392
-0.032017635752626394   ,0.01856252766780156     ,-0.05035519807289335
-0.03222830033774646    ,0.01854864325885955     ,-0.050946744191232574
-0.03243797374053933    ,0.018534851747535955    ,-0.05151943733397446
-0.03264665698745478    ,0.01852115251310335     ,-0.05207349939567729
-0.03285435084980637    ,0.01850754503764443     ,-0.05260915188060045
-0.03306105573804702    ,0.01849402871846595     ,-0.05312661504267013
-0.033266771678686774   ,0.01848060305047021     ,-0.053626108258458816
-0.03347149896001933    ,0.018467267446505356    ,-0.05410784994311357
-0.033675237101331995   ,0.01845402140996169     ,-0.054572056942314706
-0.03387798625159588    ,0.01844086436189607     ,-0.055018945232965244
-0.03407974590090984    ,0.018427795811900433    ,-0.05544872908491705
-0.034280516024602636   ,0.018414815182140123    ,-0.05586162153933816
-0.03448029654155166    ,0.018401921986424194    ,-0.056257834346595814
-0.03467908744494985    ,0.018389115644466825    ,-0.05663757746018905
-0.03487688900986191    ,0.018376395667945092    ,-0.057001059756950356
-0.0350737016625996     ,0.018363761472963216    ,-0.057348488296277145
-0.035269525929707      ,0.01835121256331569     ,-0.05768006881268217
-0.03546436305291306    ,0.018338748350959014    ,-0.05799600574535324
-0.03565821397124094    ,0.01832636833045201     ,-0.05829650178837409
-0.035851080383324935   ,0.01831407190278772     ,-0.058581758396347716
-0.0360429641714545     ,0.01830185855554098     ,-0.058851975794971256
-0.036233867497629385   ,0.018289727677532272    ,-0.05910735254013866
-0.036423792976102154   ,0.018277678745863904    ,-0.05934808629862176
-0.03661274350782659    ,0.018265711138875165    ,-0.059574373158816085
-0.03680072219383601    ,0.018253824320446296    ,-0.0597864081689492
-0.03698773291737484    ,0.018242017660796347    ,-0.059984385405331686
-0.03717377924077059    ,0.01823029061153239     ,-0.060168497502871565
-0.03735886573924714    ,0.018218642533039328    ,-0.06033893648504929
-0.03754299663765413    ,0.018207072867967855    ,-0.060495893037554316
-0.03772617688808759    ,0.01819558096569779     ,-0.06063955708729418
-0.037908411557270594   ,0.01818416626371555     ,-0.060770117825931225
-0.03808970589018468    ,0.018172828102694383    ,-0.06088776327350942
-0.03827006545257042    ,0.01816156591448112     ,-0.060992681057331355
-0.038449495937769446   ,0.018150379035415665    ,-0.06108505771187933
-0.03862800305587909    ,0.018139266891510977    ,-0.061165079201203065
-0.038805593095478375   ,0.01812822881934635     ,-0.06123293096452209
-0.03898227180098267    ,0.018117264242058576    ,-0.061288797417513585
-0.03915804569377089    ,0.01810637249654093     ,-0.061332862750479444
-0.039332920695364995   ,0.01809555300778462     ,-0.061365310162819764
-0.039506903198574875   ,0.01808480511305069     ,-0.06138632240210162
-0.03967999944876066    ,0.018074128243842497    ,-0.06139608174313138
-0.039852215605384184   ,0.018063521740723995    ,-0.06139476950389744
-0.0400235578859303     ,0.018052985041636105    ,-0.06138256677809539
-0.04019403237554876    ,0.01804251749488138     ,-0.061359653683673576
-0.040363644922764355   ,0.018032118544538192    ,-0.06132620983692605
-0.040532401710303284   ,0.01802178755079542     ,-0.06128241434810722
-0.04070030819200779    ,0.018011523966816184    ,-0.06122844532271965
-0.04086737012604265    ,0.01800132716188972     ,-0.06116448031273647
-0.04103359296888688    ,0.017991196603499293    ,-0.06109069626017427
-0.04119898195080636    ,0.01798113167156279     ,-0.06100726897892428
-0.04136354223497132    ,0.017971131846650223    ,-0.060914373857107185
-0.04152727874254768    ,0.017961196522428904    ,-0.06081218507658637
-0.0416901960640266     ,0.01795132519096833     ,-0.06070087606160901
-0.04185229904712928    ,0.0179415172624018      ,-0.0605806194523828
-0.042013591698298464   ,0.017931772241212493    ,-0.060451586536308666
-0.04217407853625288    ,0.017922089551893755    ,-0.06031394798466927
-0.04233376324194564    ,0.01791246871355942     ,-0.060167873025818164
-0.04249264976383636    ,0.017902909162583955    ,-0.06001352993226239
-0.0426507417298997     ,0.017893410434550658    ,-0.0598510859521062
-0.042808042541604      ,0.01788397197783828     ,-0.05968070678205595
-0.04296455555058247    ,0.017874593341637296    ,-0.05950255726647202
-0.04312028389995802    ,0.017865273987794847    ,-0.0593168006156608
-0.043275230450973146   ,0.017856013475996482    ,-0.059123598858262794
-0.04342939838551663    ,0.01784681128277378     ,-0.05892311282174045
-0.04358279011902784    ,0.017837666977887565    ,-0.05871550157274252
-0.04373540866717089    ,0.017828580049233586    ,-0.05850092316844746
-0.043887256303854275   ,0.017819550077681837    ,-0.058279533844046716
-0.04403833567644122    ,0.01781057655906443     ,-0.058051488519506034
-0.044188649223743034   ,0.017801659086286864    ,-0.05781694075140953
-0.044338199275628654   ,0.01779279716250179     ,-0.05757604222819679
-0.04448698823395977    ,0.017783990389211995    ,-0.057328943494527884
-0.044635018415801336   ,0.017775238277827413    ,-0.057075793194139024
-0.04478229198140969    ,0.017766540435048064    ,-0.05681673855023606
-0.04492881153697094    ,0.01775789638149873     ,-0.05655192537282194
-0.04507457909521187    ,0.0177493057291183      ,-0.05628149757705425
-0.04521959713700216    ,0.017740768002535295    ,-0.05600559766122393
-0.04536386802517223    ,0.01773228282149833     ,-0.05572436668127567
-0.04550739409905219    ,0.017723849713992615    ,-0.05543794376780542
-0.045650177850143844   ,0.01771546830455807     ,-0.05514646687185265
-0.045792221759481666   ,0.017707138125849786    ,-0.05485007202837844
-0.0459335282185034     ,0.017698858804312406    ,-0.054548893855449476
-0.04607410012591115    ,0.01769062987874194     ,-0.05424306558088343
-0.046213939789327765   ,0.0176824509775398      ,-0.05393271852668913
-0.04635305028465042    ,0.01767432164304257     ,-0.05361798290548503
-0.04649143409997565    ,0.017666241507351826    ,-0.05329898704933833
-0.046629094240498506   ,0.017658210113883147    ,-0.05297585795774329
-0.04676603363206605    ,0.017650227100299634    ,-0.052648721287962275
-0.04690225520695944    ,0.01764229201158679     ,-0.05231770088545695
-0.04703776207048982    ,0.017634404488780023    ,-0.05198291954280898
-0.04717255732935785    ,0.017626564080538976    ,-0.05164449827252393
-0.04730664400411262    ,0.01761877042921571     ,-0.05130255681518037
-0.04744002561826027    ,0.017611023089336708    ,-0.05095721367245898
-0.0475727050913647     ,0.017603321705375596    ,-0.05060858559577386
-0.047704686092530854   ,0.017595665835867802    ,-0.050256788386271456
-0.04783597167639167    ,0.017588055129764274    ,-0.04990193612428029
-0.04796656538318296    ,0.017580489147817416    ,-0.04954414171728927
-0.048096470636407526   ,0.017572967545840742    ,-0.049183516888373635
-0.04822569082393348    ,0.017565489887788957    ,-0.04882017170318442
-0.04835422946094722    ,0.01755805583464852     ,-0.04845421532484462
-0.04848209001465792    ,0.017550664956025863    ,-0.048085755280591336
-0.048609275814378086   ,0.017543316916399446    ,-0.04771489796395745
-0.048735790638871485   ,0.017536011293438694    ,-0.047341748660056915
-0.04886163765829843    ,0.017528747756649296    ,-0.04696641107629351
-0.048986820483324506   ,0.017521525888212694    ,-0.046588987831108764
-0.04911134256334673    ,0.01751434536642789     ,-0.04620958043549672
-0.049235207268587614   ,0.01750720577863539     ,-0.045828288811222695
-0.04935841805433008    ,0.017500106810191055    ,-0.045445212038836
-0.049480978287693225   ,0.01749304805591205     ,-0.045060447616013244
-0.049602891159447604   ,0.017486029206391362    ,-0.044674091952412454
-0.04972416027437289    ,0.017479049866120713    ,-0.044286240387964027
-0.04984478854464479    ,0.017472109731729926    ,-0.04389698666590336
-0.04996477954705841    ,0.017465208415489222    ,-0.04350642371850344
-0.050084136160862686   ,0.017458345622162544    ,-0.043114642880426324
-0.05020286167268899    ,0.017451520969805415    ,-0.042721734422573876
-0.05032095917831443    ,0.01744473417330389     ,-0.04232778752588651
-0.05043843166888627    ,0.01743798485707819     ,-0.04193288979392751
-0.05055528219962899    ,0.01743127274405655     ,-0.04153712799537246
-0.0506715137205023     ,0.017424597466904335    ,-0.04114058731766179
-0.050787128992401884   ,0.017417958754404467    ,-0.04074335185835776
-0.05090213118175667    ,0.01741135624924034     ,-0.040345504639993646
-0.051016522757506635   ,0.01740478968643641     ,-0.03994712708121906
-0.05113030685288157    ,0.017398258716451107    ,-0.03954829978122798
-0.05124348590612726    ,0.017391763082238304    ,-0.03914910173230535
-0.051356062769765745   ,0.017385302439701725    ,-0.038749610854177385
-0.05146804011505954    ,0.01737887654132582     ,-0.03834990396867077
-0.051579420521349895   ,0.017372485048718078    ,-0.037950056313879044
-0.0516902066477927     ,0.01736612772153777     ,-0.037550142289621835
-0.0518004010659958     ,0.017359804228657405    ,-0.0371502347132624
-0.05191000617868306    ,0.017353514334518885    ,-0.03675040531525564
-0.05201902481618073    ,0.017347257716751607    ,-0.036350724758271724
-0.05212745918519411    ,0.017341034145296544    ,-0.03595126216240918
-0.05223531192733756    ,0.017334843302361028    ,-0.035552085592416294
-0.05234258552434465    ,0.0173286849661676      ,-0.035153262037096455
-0.05244928238748621    ,0.01732255882342347     ,-0.03475485692791547
-0.052555405029011334   ,0.017316464658275257    ,-0.034356934889567814
-0.05266095589511778    ,0.017310402163437516    ,-0.033959559000595885
-0.052765937283495365   ,0.017304371126607848    ,-0.03356279129404505
-0.05287035193976032    ,0.017298371248017363    ,-0.03316669278133344
-0.052974201954169436   ,0.01729240231915924     ,-0.03277132293244556
-0.053077490124568      ,0.01728646404547396     ,-0.03237674047065764
-0.053180218596186185   ,0.017280556223825405    ,-0.03198300259454889
-0.0532823899705194     ,0.017274678562582274    ,-0.03159016552270466
-0.053384006708723925   ,0.017268830865529994    ,-0.031198284478506366
-0.053485071219426875   ,0.017263012844300277    ,-0.030807413213956858
-0.053585586028592064   ,0.017257224307410876    ,-0.0304176047650484
-0.053685553610393136   ,0.01725146497139063     ,-0.03002891071718361
-0.05378497630297539    ,0.017245734647312536    ,-0.029641381709744063
-0.0538838569030739     ,0.017240033058247076    ,-0.029255067464206697
-0.05398219756053667    ,0.017234360018240566    ,-0.028870016267140697
-0.054080001139624606   ,0.01722871525481999     ,-0.028486275768679903
-0.05417726985646604    ,0.017223098586717153    ,-0.028103892206615688
-0.05427400638665508    ,0.01721750974383908     ,-0.027722910953542623
-0.05437021326635226    ,0.01721194855131697     ,-0.027343376503508043
-0.054465892978560956   ,0.017206414741925344    ,-0.026965331996781083
-0.05456104812145285    ,0.017200908145203336    ,-0.02658881997696927
-0.05465568123747162    ,0.01719542849856412     ,-0.026213881656161897
-0.05474979472803315    ,0.017189975633942478    ,-0.02584055742033131
-0.05484339144657367    ,0.01718454929514751     ,-0.02546888685714399
-0.054936473642729425   ,0.01717914931755396     ,-0.025098908288695432
-0.055029044017660886   ,0.017173775447675357    ,-0.02473065926583695
-0.055121105124900094   ,0.017168427527339616    ,-0.02436417655424239
-0.0552126594560564     ,0.017163105306054402    ,-0.02399949565753956
-0.055303709608598914   ,0.01715780863017005     ,-0.023636651573066825
-0.05539425811515973    ,0.017152537253978598    ,-0.023275678055739712
-0.05548430735759398    ,0.017147291026392564    ,-0.022916608121481552
-0.0555738601605172     ,0.01714206970823695     ,-0.022559474073508
-0.05566291868449105    ,0.017136873151534643    ,-0.02220430698293696
-0.055751485786818475   ,0.0171317011217198      ,-0.021851137484735217
-0.05583956365824011    ,0.017126553475681205    ,-0.021499994998980254
-0.05592715493013024    ,0.017121429981491534    ,-0.021150908274730762
-0.05601426207559913    ,0.017116330502619376    ,-0.02080390537362309
-0.056100887495785096   ,0.017111254810289397    ,-0.020459013190754494
-0.056187033688322174   ,0.017106202772607104    ,-0.020116258208524584
-0.056272703077177647   ,0.01710117416566133     ,-0.01977566575803169
-0.05635789792758812    ,0.01709616886018568     ,-0.019437260520865918
-0.056442620940306415   ,0.01709118663879329     ,-0.01910106655297894
-0.056526874145602576   ,0.017086227375338534    ,-0.01876710676396165
-0.05661066026503049    ,0.017081290856965636    ,-0.018435403711214438
-0.05669398134878177    ,0.0170763769623012      ,-0.01810597881934939
-0.056776839884002325   ,0.017071485481001333    ,-0.017778852923172606
-0.056859238196626735   ,0.0170666162980556      ,-0.01745404624967084
-0.05694117853849261    ,0.017061769206079547    ,-0.017131577938173104
-0.057022663256887235   ,0.017056944094416895    ,-0.01681146679299861
-0.05710369462485175    ,0.01705214076024031     ,-0.01649373054427028
-0.05718427475726387    ,0.017047359095200693    ,-0.016178386349291474
-0.05726440620552192    ,0.01704259890257173     ,-0.015865450815638615
-0.05734409090323196    ,0.017037860077222244    ,-0.015554939530898482
-0.05742333122317651    ,0.01703314242481463     ,-0.015246867552692889
-0.057502129380123876   ,0.017028445846138315    ,-0.014941249391858813
-0.05758048751793553    ,0.017023770149409215    ,-0.01463809853216591
-0.057658407879506574   ,0.017019115239316415    ,-0.014337428183686107
-0.05773589263750878    ,0.017014480928155898    ,-0.01403925054377364
-0.05781294381038138    ,0.01700986712247811     ,-0.013743577298885867
-0.05788956385745746    ,0.017005273640171778    ,-0.013450419648369794
-0.057965754573820194   ,0.017000700390025145    ,-0.013159787784322585
-0.05804151845262284    ,0.016996147193517816    ,-0.012871691685761855
-0.058116857323247534   ,0.016991613963211055    ,-0.012586140339304608
-0.058191773459868174   ,0.016987100522133577    ,-0.01230314228239937
-0.05826626898378269    ,0.016982606788123675    ,-0.012022705586339777
-0.058340345950874326   ,0.016978132586161626    ,-0.011744837377730688
-0.05841400652112361    ,0.016973677837373025    ,-0.01146954459169125
-0.05848725278915015    ,0.01696924237021974     ,-0.011196833234389247
-0.05856008670021562    ,0.016964826107116263    ,-0.010926708884917424
-0.05863251064469263    ,0.01696042888151353     ,-0.0106591767202735
-0.058704526353011224   ,0.01695605061752606     ,-0.010394240995387216
-0.0587761362572832     ,0.016951691151638817    ,-0.010131905838289823
-0.05884734212939502    ,0.016947350411211995    ,-0.00987217447095956
-0.05891814618898608    ,0.016943028233788737    ,-0.009615049753164406
-0.058988550505486084   ,0.01693872455149452     ,-0.009360534165780976
-0.05905855708516865    ,0.016934439203374757    ,-0.009108629332482687
-0.05912816804025389    ,0.016930172124392934    ,-0.008859336773275883
-0.05919738541900442    ,0.016925923156642375    ,-0.00861265716689541
-0.059266211121452445   ,0.01692169223599209     ,-0.008368590853014002
-0.05933464749327717    ,0.016917479209113337    ,-0.008127137856889233
-0.05940269622062809    ,0.016913284013229946    ,-0.007888297369307296
-0.05947035969118032    ,0.01690910649771067     ,-0.007652068541641466
-0.05953763963192048    ,0.016904946602690207    ,-0.007418449705948182
-0.05960453821697055    ,0.016900804178310996    ,-0.007187438918920819
-0.05967105746913608    ,0.016896679169160767    ,-0.006959033944459181
-0.059737199397452354   ,0.01689257142710454     ,-0.006733231824818109
-0.05980296586109886    ,0.016888480897677208    ,-0.0065100293306641355
-0.059868359163420606   ,0.016884407437134374    ,-0.006289422984917525
-0.05993338094651551    ,0.016880350992204418    ,-0.006071408542362988
-0.05999803355206251    ,0.01687631142166003     ,-0.005855981783514652
-0.06006231865942312    ,0.01687228867499474     ,-0.005643137734545611
-0.06012623839282173    ,0.016868282611612676    ,-0.005432871209909429
-0.060189794723454135   ,0.016864293185288662    ,-0.005225176794410036
-0.060252989555930475   ,0.016860320256543992    ,-0.005020048363446605
-0.06031582489733796    ,0.01685636378159598     ,-0.00481747983502312
-0.06037830268721539    ,0.01685242362362005     ,-0.004617464430867191
-0.0604404247129299     ,0.016848499739390357    ,-0.004419995176502267
-0.06050219320359769    ,0.016844591996271682    ,-0.004225064924839872
-0.06056360972503741    ,0.016840700352059937    ,-0.004032665833958449
-0.06062467654036757    ,0.01683682467646698     ,-0.00384279016049649
-0.06068539524854005    ,0.01683296492985091     ,-0.0036554294783053276
-0.060745767891454486   ,0.01682912098238329     ,-0.0034705752202379703
-0.060805796356299194   ,0.01682529279849361     ,-0.0032882186587479545
-0.06086548246211909    ,0.016821480249286716    ,-0.0031083504258289096
-0.060924828129211434   ,0.016817683301422956    ,-0.0029309612635808335
-0.0609838352088974     ,0.016813901828446193    ,-0.002756041284468491
-0.06104250539963607    ,0.016810135797379333    ,-0.00258358047089402
-0.06110084084055313    ,0.016806385085700593    ,-0.0024135686971515913
-0.061158843007017016   ,0.01680264966124473     ,-0.0022459952072895195
-0.06121651407120163    ,0.01679892940359591     ,-0.0020808494069490813
-0.061273855540791566   ,0.016795224282901283    ,-0.0019181200817397492
-0.06133086936644695    ,0.016791534178972264    ,-0.0017577959379733166
-0.06138755734405414    ,0.016787859065748104    ,-0.001599865582901927
-0.061443921252464506   ,0.016784198824181668    ,-0.0014443170938960304
-0.061499962717702014   ,0.01678055342858517     ,-0.0012911384653646607
-0.06155568380728817    ,0.016776922763608176    ,-0.001140317630848875
-0.06161108592551631    ,0.016773306804159643    ,-0.0009918419400789524
-0.061666171174071596   ,0.016769705436753962    ,-0.0008456989503136114
-0.06172094099119417    ,0.01676611863839217     ,-0.0007018756448817776
-0.06177539725864614    ,0.016762546295592123    ,-0.0005603589728342406
-0.06182954170444975    ,0.016758988388881554    ,-0.0004211358293759737
-0.06188337598979354    ,0.016755444805250166    ,-0.00028419257441791856
-0.061936901878167916   ,0.01675191552694827     ,-0.00014951578194977166
-0.06199012106583579    ,0.016748400442889375    ,-1.7091500076338306e-05
-0.06204303509769332    ,0.016744899535197158    ,0.00011309425099192971
-0.0620956459609287     ,0.01674141269617478     ,0.0002410554574006074
-0.06214795498098863    ,0.01673793990826858     ,0.0003668066345940968
-0.06219996418175937    ,0.01673448106535684     ,0.0004903620365592776
-0.062251674924825376   ,0.016731036151688278    ,0.0006117364378666057
-0.062303089016413696   ,0.016727605060882708    ,0.0007309445937964121
-0.062354208110102644   ,0.01672418778043104     ,0.0008480012609890508
-0.06240503379356839    ,0.01672078420415779     ,0.0009629216789208694
-0.0624555677578454     ,0.01671739432100236     ,0.0010757208206979563
-0.06250581162749007    ,0.016714018026468477    ,0.001186414134018987
-0.06255576687662356    ,0.016710655309120845    ,0.001295017043018154
-0.0626054354222888     ,0.01670730606757702     ,0.0014015449274207281
-0.06265481852057303    ,0.016703970290505785    ,0.0015060136460409712
-0.06270391812641246    ,0.01670064787786217     ,0.0016084387461090532
-0.06275273553304865    ,0.016697338819879684    ,0.001708836246089307
-0.06280127247880289    ,0.01669404301604671     ,0.001807222096167349
-0.062849530549575      ,0.016690760459603035    ,0.00190361219945534
-0.06289751131636004    ,0.016687491050496744    ,0.0019980228436466962
-0.06294521619957562    ,0.016684234781664045    ,0.0020904702555113452
-0.06299264706274843    ,0.016680991555998587    ,0.0021809705804121116
-0.06303980510837838    ,0.01667776136639841     ,0.002269540405747117
-0.06308669223760444    ,0.016674544116950657    ,0.002356195971747743
-0.06313330969006173    ,0.016671339801974105    ,0.002440953953602998
-0.06317965914990481    ,0.016668148324964355    ,0.002523830923362169
-0.06322574214890145    ,0.016664969683093805    ,0.0026048433711955976
-0.06327156015301615    ,0.016661803779752238    ,0.0026840081876478017
-0.06331711473132016    ,0.01665865061323095     ,0.0027613419161520714
-0.06336240738640322    ,0.01665551008826066     ,0.0028368614941876036
-0.0634074394700642     ,0.016652382202476945    ,0.0029105837569820547
-0.06345221277664556    ,0.01664926686338608     ,0.002982525417277726
-0.06349672843925652    ,0.016646164068453637    ,0.0030527035899674537
-0.06354098828920303    ,0.0166430737262354      ,0.0031211350029203278
-0.06358499349587605    ,0.016639995835466756    ,0.003187836780355058
-0.0636287456728963     ,0.016636930303988787    ,0.0032528259049646735
-0.06367224628106051    ,0.016633877133241312    ,0.0033161192400654738
-0.06371549671497015    ,0.01663083623082949     ,0.0033777340124885313
-0.06375849847215301    ,0.016627807599178465    ,0.0034376870655938863
-0.06380125298313319    ,0.016624791147100762    ,0.00349599560131586
-0.06384376152757283    ,0.016621786876242634    ,0.0035526766841986746
-0.0638860258272353     ,0.016618794698049916    ,0.0036077472221340834
-0.0639280469425501     ,0.016615814613880897    ,0.003661224491413595
-0.06396982663191275    ,0.016612846536093878    ,0.003713125348164814
-0.0640113659916338     ,0.01660989046718339     ,0.0037634670125019642
-0.06405266656216331    ,0.01660694631868201     ,0.0038122665310669213
-0.06409372973108403    ,0.01660401409564298     ,0.003859540799955319
-0.06413455687033671    ,0.016601093709685613    ,0.003905306997786795
-0.06417514920083883    ,0.016598185165200494    ,0.003949582142448449
-0.06421550838582417    ,0.01659528837632228     ,0.003992383071915739
-0.06425563542732451    ,0.016592403347056445    ,0.004033726969610019
-0.06429553202524745    ,0.01658952999233909     ,0.004073630576834075
-0.06433519921790129    ,0.016586668317221734    ,0.004112110976506322
-0.06437463848759858    ,0.01658381823571066     ,0.004149185056978588
-0.06441385116414539    ,0.016580979755299874    ,0.004184869534684665
-0.06445283851132765    ,0.016578152789551576    ,0.004219181438086528
-0.06449160189600511    ,0.016575337346697028    ,0.004252137361909769
-0.06453014261851783    ,0.016572533341285486    ,0.004283754209716273
-0.06456846182859542    ,0.016569740780557687    ,0.004314048699216588
-0.06460656111842954    ,0.01656695958142558     ,0.0043430373438124725
-0.06464444141961352    ,0.01656418975064071     ,0.004370736978148715
-0.06468210436184549    ,0.016561431205795035    ,0.004397163971242568
-0.06471955091362155    ,0.016558683954552567    ,0.0044223350105787596
-0.0647567824880197     ,0.0165559479134679      ,0.004446266566038304
-0.0647938003457988     ,0.016553223092503552    ,0.004468974913574009
-0.06483060568224404    ,0.016550509407676356    ,0.004490476618934647
-0.06486719979611338    ,0.016547806869561185    ,0.004510787792844084
-0.06490358392000246    ,0.01654511539503356     ,0.004529924833684973
-0.0649397591364325     ,0.016542434993591093    ,0.004547903933116437
-0.06497572697063483    ,0.016539765584336688    ,0.004564741058421529
-0.06501148828775768    ,0.016537107176179885    ,0.004580452478114561
-0.06504704465138539    ,0.016534459688794315    ,0.004595053975375851
-0.06508239696432182    ,0.01653182313189616     ,0.0046085616329516466
-0.06511754657425109    ,0.01652919742402975     ,0.004620991297138444
-0.06515249467697361    ,0.01652658257709355     ,0.004632358601847075
-0.06518724245368687    ,0.016523978509432394    ,0.0046426794029219565
-0.06522179093564583    ,0.01652138523198718     ,0.004651969335855988
-0.06525614159709481    ,0.016518802665259       ,0.004660243798110253
-0.06529029525248996    ,0.016516230819527827    ,0.004667518475304222
-0.06532425341472699    ,0.01651366961579262     ,0.004673808555011316
-0.0653580169364034     ,0.01651111906507928     ,0.004679129511436786
-0.06539158711491369    ,0.016508579087193276    ,0.004683496570484502
-0.06542496509606525    ,0.01650604969526473     ,0.004686924733515729
-0.06545815196061337    ,0.016503530808417363    ,0.004689429262239031
-0.06549114889321979    ,0.01650102244023753     ,0.004691024934416754
-0.06552395701291992    ,0.016498524510554988    ,0.004691726786965056
-0.06555657728903909    ,0.016496037031736577    ,0.004691549622792834
-0.06558901113394057    ,0.016493559925676374    ,0.00469050799342674
-0.06562125930045792    ,0.01649109320403519     ,0.004688616725256889
-0.06565332323994755    ,0.016488636789130373    ,0.004685890134220605
-0.06568520374359253    ,0.016486190693287134    ,0.004682342810397033
-0.06571690204756897    ,0.0164837548375929      ,0.004677989083740064
-0.06574841923649884    ,0.01648132923640251     ,0.004672843048086905
-0.06577975633016361    ,0.016478913810057463    ,0.004666919046408813
-0.06581091445233278    ,0.016476508573321988    ,0.0046602309267673725
-0.06584189466118939    ,0.016474113447177696    ,0.004652792786247195
-0.06587269786547008    ,0.01647172844512594     ,0.004644618477517293
-0.06590332541691994    ,0.01646935349014847     ,0.004635721592149977
-0.06593377800798855    ,0.01646698859498856     ,0.004626115987421686
-0.0659640570297125     ,0.016464633683000926    ,0.0046158150006914145
-0.0659941632130739     ,0.016462288767549876    ,0.004604832235272083
-0.06602409773420748    ,0.016459953770708163    ,0.004593181025497328
-0.06605386161785166    ,0.016457628707807273    ,0.004580874461840301
-0.06608345587455922    ,0.016455313500581686    ,0.004567925826037822
-0.06611288136536796    ,0.016453008163249197    ,0.004554348150082044
-0.06614213939467456    ,0.016450712619497584    ,0.004540154199345059
-0.06617123060756631    ,0.016448426882767486    ,0.0045253569997405485
-0.06620015634787799    ,0.016446150877078014    ,0.004509969052518548
-0.06622891729970298    ,0.016443884616449203    ,0.004494003119998036
-0.06625751459216588    ,0.016441628023600857    ,0.00447747169149415
-0.06628594920342085    ,0.01643938111447335     ,0.004460387007937383
-0.06631422204688135    ,0.01643714381098331     ,0.004442761547901464
-0.06634233414036082    ,0.016434916129392033    ,0.004424607283948223
-0.06637028643647919    ,0.016432697992172993    ,0.004405936426948864
-0.06639807973869964    ,0.016430489414270832    ,0.0043867609336167845
-0.06642571529385989    ,0.016428290320055078    ,0.004367092489965252
-0.06645319368995053    ,0.01642610072365852     ,0.004346943038635587
-0.06648051621383019    ,0.016423920549747326    ,0.0043263239941360165
-0.06650768349291888    ,0.016421749812993783    ,0.004305247028713044
-0.0665346965999956     ,0.016419588436736993    ,0.004283723538389683
-0.06656155645699303    ,0.016417436437521013    ,0.004261764668139767
-0.066588263921496      ,0.016415293737855746    ,0.004239381797943587
-0.0666148199557539     ,0.016413160354573214    ,0.004216585799327044
-0.06664122545703074    ,0.01641103621070547     ,0.0041933877801825226
-0.06666748117383023    ,0.016408921321741862    ,0.004169798592107421
-0.06669358829822399    ,0.016406815612565392    ,0.004145828814555719
-0.06671954736376523    ,0.016404719097831005    ,0.004121489281999624
-0.06674535960317363    ,0.016402631702690587    ,0.004096790299640274
-0.06677102558995916    ,0.016400553442310825    ,0.004071742429251346
-0.06679654634338464    ,0.016398484240485317    ,0.00404635595568914
-0.06682192273205818    ,0.016396424114217822    ,0.004020640912094642
-0.0668471555605489     ,0.016394372986458863    ,0.003994607566143449
-0.06687224573845209    ,0.01639233087446547     ,0.003968265676890237
-0.06689719411052605    ,0.016390297701689496    ,0.003941625239700652
-0.06692200137318419    ,0.016388273484024482    ,0.00391469599381189
-0.06694666866658913    ,0.01638625814673854     ,0.0038874874065952802
-0.06697119652332352    ,0.0163842517053054      ,0.0038600091509799483
-0.06699558592167254    ,0.016382254083804892    ,0.0038322706236437742
-0.0670198376896856     ,0.016380265299518332    ,0.0038042809705485237
-0.06704395259156913    ,0.016378285275677265    ,0.003776049572939977
-0.06706793149654967    ,0.0163763140298024      ,0.003747585304858525
-0.06709177520958838    ,0.016374351485604066    ,0.0037188972776269758
-0.06711548438712456    ,0.016372397659237745    ,0.003689994347966241
-0.06713906012979429    ,0.01637045247621441     ,0.0036608851024244604
-0.06716250288018102    ,0.016368515951832585    ,0.0036315783845386473
-0.06718581378037901    ,0.01636658801182876     ,0.003602082511211524
-0.06720899331395282    ,0.016364668671981983    ,0.0035724060586661555
-0.06723204241041586    ,0.01636275785666351     ,0.0035425573292335866
-0.06725496184925658    ,0.01636085558343915     ,0.003512544377054505
-0.06727775234635809    ,0.016358961775814543    ,0.0034823754943291707
-0.06730041472290896    ,0.016357076451591415    ,0.0034520584688002565
-0.06732294973593733    ,0.016355199534745513    ,0.003421601328462698
-0.06734535799435629    ,0.016353331041704666    ,0.0033910118499569375
-0.06736764055131038    ,0.01635147089823312     ,0.0033602975428037585
-0.06738979780225411    ,0.016349619119891343    ,0.003329466177121043
-0.06741183084231842    ,0.01634777563267603     ,0.003298524999806318
-0.0674337401082789     ,0.016345940452610827    ,0.0032674815208522112
-0.06745552648321651    ,0.0163441135043272      ,0.003236342980023066
-0.06747719070029044    ,0.01634229480562341     ,0.0032051163730006937
-0.06749873342924445    ,0.01634048428026877     ,0.003173808937495526
-0.06752015544553118    ,0.016338681946290526    ,0.003142427410840476
-0.06754145746044188    ,0.016336887727919427    ,0.0031109787752559015
-0.06756264003750755    ,0.016335101641819227    ,0.00307946976560447
-0.06758370418467885    ,0.016333323613988357    ,0.0030479068545141708
-0.06760465030302645    ,0.01633155366065689     ,0.003016296729579926
-0.0676254792398483     ,0.01632979170662803     ,0.002984645812442732
-0.06764619169296292    ,0.01632803776990127     ,0.002952960284408057
-0.06766678829683934    ,0.01632629177443501     ,0.0029212465727512793
-0.06768726979177256    ,0.016324553738435166    ,0.002889510609033197
-0.067707636854244      ,0.01632282358633025     ,0.0028577585731714983
-0.06772789001298005    ,0.01632110133497483     ,0.0028259964027776974
-0.06774803024145112    ,0.01631938691053908     ,0.002794229777086654
-0.06776805785574554    ,0.016317680329041434    ,0.002762464644978646
-0.0677879738720643     ,0.01631598151687237     ,0.002730706441606001
-0.0678077786487423     ,0.016314290490511765    ,0.002698960874375489
-0.06782747299065826    ,0.01631260717499354     ,0.0026672333903465795
-0.06784705755332777    ,0.016310931588551375    ,0.0026355292021551513
-0.06786653292928033    ,0.016309263655381323    ,0.0026038537742079093
-0.0678858998170162     ,0.016307603393933903    ,0.00257221208108116
-0.06790515885145981    ,0.01630595072887181     ,0.002540609351925349
-0.06792431052011702    ,0.016304305677292477    ,0.002509050579413419
-0.06794335575530802    ,0.01630266816561067     ,0.0024775405041699283
-0.06796229483238894    ,0.016301038210089422    ,0.0024460841426821034
-0.06798112872696653    ,0.016299415737363807    ,0.0024146860038432028
-0.06799985775699478    ,0.016297800764161763    ,0.002383350875295731
-0.06801848268732716    ,0.01629619321577916     ,0.0023520832906354094
-0.06803700413357539    ,0.016294593110685596    ,0.002320887555445905
-0.06805542264866002    ,0.01629300037334601     ,0.0022897682337985614
-0.06807373889172741    ,0.016291415022460717    ,0.0022587294061515717
-0.06809195345851803    ,0.016289836982957828    ,0.0022277754145039186
-0.0681100667976782     ,0.016288266272198454    ,0.002196910370677596
-0.0681280798028646     ,0.016286702816852364    ,0.0021661381414128655
-0.0681459927615747     ,0.016285146633881684    ,0.0021354628257919117
-0.06816380640816376    ,0.016283597648788714    ,0.0021048882744845177
-0.06818152132818424    ,0.016282055880273774    ,0.00207441811556075
-0.06819913804450607    ,0.016280521253027314    ,0.0020440562410461993
-0.06821665718643143    ,0.01627899378596996     ,0.002013806065098711
-0.06823407932019486    ,0.016277473404260542    ,0.0019836712685239455
-0.06825140486489863    ,0.0162759601255065      ,0.001953655308112312
-0.06826863468497105    ,0.016274453876604852    ,0.001923761400707269
-0.06828576898825107    ,0.016272954674344253    ,0.001893993051421683
-0.06830280868324462    ,0.016271462445847235    ,0.0018643532702644627
-0.06831975402128536    ,0.016269977208393377    ,0.0018348453583727498
-0.06833660570089439    ,0.01626849888777815     ,0.001805472375382422
-0.06835336427187325    ,0.01626702750301412     ,0.0017762371656016018
-0.06837003022166707    ,0.016265562979109194    ,0.001747142844343852
-0.06838660414436488    ,0.016264105335297985    ,0.0017181920559938835
-0.06840308657110779    ,0.01626265449706371     ,0.0016893877191892503
-0.06841947788626193    ,0.016261210482346883    ,0.001660732535269105
-0.06843577891961668    ,0.016259773218358503    ,0.0016322289730641426
-0.0684519898446409     ,0.01625834272224111     ,0.0016038797968354057
-0.06846811154041614    ,0.016256918922451236    ,0.0015756872842054293
-0.0684841442146096     ,0.016255501834393227    ,0.0015476540076719836
-0.06850008853702232    ,0.01625409138544462     ,0.0015197823085566498
-0.06851594502387849    ,0.016252687594982274    ,0.0014920743192925467
-0.06853171412928537    ,0.016251290388371448    ,0.0014645324502848833
-0.06854739641424037    ,0.016249899785238803    ,0.0014371586486428
-0.06856299237687977    ,0.01624851571143532     ,0.0014099551425561518
-0.06857850236888403    ,0.016247138185272736    ,0.0013829239504936641
-0.0685939271875425     ,0.016245767134347167    ,0.0013560668655487884
-0.06860926702455944    ,0.01624440257659912     ,0.0013293859333629587
-0.0686245225191319     ,0.0162430444384902      ,0.0013028829713712664
-0.06863969416214671    ,0.01624169273970258     ,0.0012765595943653452
-0.06865478238250039    ,0.01624034740592764     ,0.0012504177014094342
-0.06866978771606809    ,0.01623900845709042     ,0.0012244587337117974
-0.06868471063618473    ,0.016237675819368025    ,0.0011986844195288615
-0.06869955146971037    ,0.01623634951142261     ,0.0011730962831135727
-0.06871431098934809    ,0.016235029461176415    ,0.001147695629172274
-0.06872898931180836    ,0.0162337156865075      ,0.0011224840706924866
-0.06874358725499595    ,0.01623240811560872     ,0.001097462745958122
-0.0687581049802783     ,0.01623110676686121     ,0.001072633104504117
-0.06877254309670296    ,0.016229811567174124    ,0.0010479963745979592
-0.06878690206519808    ,0.016228522536684137    ,0.0010235535894131953
-0.068801182284901      ,0.01622723960153713     ,0.0009993060731683379
-0.06881538426210809    ,0.016225962782129982    ,0.0009752546995811517
-0.06882950844075766    ,0.016224692005125524    ,0.0009514006365785033
-0.0688435551185404     ,0.016223427289643877    ,0.000927744854883894
-0.06885752503913573    ,0.016222168564082595    ,0.0009042881130849612
-0.06887141829045595    ,0.016220915846840156    ,0.0008810314849339029
-0.06888523566182282    ,0.016219669066553505    ,0.0008579755765014685
-0.06889897728608665    ,0.016218428242131128    ,0.0008351213122148593
-0.06891264374412655    ,0.01621719330096444     ,0.0008124694021727219
-0.06892623546879417    ,0.016215964263693178    ,0.0007900203682631446
-0.06893975283131688    ,0.016214741056983645    ,0.0007677750304968534
-0.06895319631039509    ,0.01621352370172538     ,0.0007457337652394536
-0.06896656632236244    ,0.01621231212509816     ,0.0007238972499212792
-0.06897986313766577    ,0.016211106346756404    ,0.0007022659717081936
-0.06899308747284304    ,0.016209906295614612    ,0.0006808402122915336
-0.06900623943945083    ,0.016208711991001074    ,0.000659620525506055
-0.06901931959696177    ,0.016207523360744353    ,0.0006386072563535627
-0.06903232835720613    ,0.01620634042592134     ,0.0006178005669821296
-0.06904526607038122    ,0.016205163113632015    ,0.0005972009229637809
-0.06905813319432047    ,0.016203991445234295    ,0.000576808351554492
-0.06907093012477154    ,0.016202825348338168    ,0.0005566231862930149
-0.06908365711152074    ,0.016201664843062957    ,0.0005366455758659683
-0.06909631485073342    ,0.016200509858774192    ,0.0005168754686757371
-0.06910890338310445    ,0.01619936041486955     ,0.0004973131403629427
-0.06912142345099487    ,0.01619821644098865     ,0.0004779584109326773
-0.06913387514076962    ,0.016197077957049583    ,0.00045881143045933825
-0.06914625898697332    ,0.01619594489146725     ,0.00043987214665142105
-0.06915857537651698    ,0.01619481726590835     ,0.00042114033069196033
-0.06917082463502727    ,0.016193695008080017    ,0.0004026160637382592
-0.06918300719579995    ,0.016192578139916092    ,0.0003842989947100417
-0.06919512343026533    ,0.016191466589654535    ,0.0003661890852768579
-0.06920717356406932    ,0.016190360378018354    ,0.0003482861184733732
-0.0692191582693999     ,0.01618925943498717     ,0.00033058968312849046
-0.06923107756309776    ,0.01618816378057969     ,0.0003130997016931314
-0.06924293216392478    ,0.016187073345056563    ,0.0002958156468391149
-0.06925472213465539    ,0.016185988148963854    ,0.00027873732766359183
-0.06926644798657157    ,0.01618490812135484     ,0.00026186435672648223
-0.0692781100833928     ,0.01618383328453807     ,0.0002451961762517385
-0.06928970872771556    ,0.016182763566834762    ,0.0002287325442107413
-0.0693012443300188     ,0.016181698990869187    ,0.00021247279241576322
-0.06931271723896112    ,0.016180639485489923    ,0.0001964165712853294
-0.06932412765770987    ,0.01617958507210346     ,0.00018056335829297332
-0.06933547623603348    ,0.016178535681331263    ,0.00016491244261840343
-0.06934676301913363    ,0.016177491334267574    ,0.00014946340276544845
-0.06935798850063978    ,0.016176451960486088    ,0.00013421562550242072
-0.0693691530269016     ,0.01617541758284699     ,0.00011916833134173466
-0.06938025688321865    ,0.01617438813021621     ,0.00010432106134494745
-0.06939130046283194    ,0.016173363625759246    ,8.967293477213367e-05
-0.069402284097431      ,0.01617234399888673     ,7.522339362520114e-05
-0.06941320797313258    ,0.01617132927154985     ,6.0971711735025025e-05
-0.06942407272293033    ,0.01617031937492519     ,4.6916978635458406e-05
-0.06943487832473255    ,0.01616931433027352     ,3.305862764091394e-05
-0.06944562545856993    ,0.016168314069066325    ,1.9395652195441926e-05
-0.06945631414887778    ,0.016167318613112547    ,5.927391993898468e-06
-0.06946694486872906    ,0.01616632789268671     ,-7.34699989735077e-06
-0.06947751794396731    ,0.01616534193134636     ,-2.0428531255500815e-05
-0.06948803363959755    ,0.01616436065869295     ,-3.331788425708915e-05
-0.06949849232869981    ,0.016163384098585865    ,-4.601615774535439e-05
-0.06950889432286167    ,0.01616241218116432     ,-5.8524122714676e-05
-0.06951923978840147    ,0.016161444929108093    ,-7.084271336221803e-05
-0.06952952933845027    ,0.01616048227430153     ,-8.297304315840748e-05
-0.06953976293134698    ,0.01615952423875827     ,-9.491587679710811e-05
-0.06954994122764652    ,0.01615857075466104     ,-0.0001066724141518538
-0.06956006423237959    ,0.016157621844564707    ,-0.00011824350379385784
-0.06957013239944701    ,0.01615667743948973     ,-0.0001296301762321317
-0.06958014603563115    ,0.01615573756372224     ,-0.0001408336180452885
-0.06959010538692273    ,0.016154802147623493    ,-0.00015185468552059156
-0.0696000108076529     ,0.0161538712157884      ,-0.00016269464703233538
-0.0696098625906881     ,0.01615294469911599     ,-0.00017335443835975184
-0.06961966088379207    ,0.016152022621038903    ,-0.00018383515401620976
-0.06962940628171474    ,0.01615110491419436     ,-0.00019413806326418204
-0.06963909872443816    ,0.016150191601359276    ,-0.00020426408217644187
-0.06964873885442757    ,0.016149282615476185    ,-0.00021421455748127372
-0.06965832665859623    ,0.016148377979877115    ,-0.0002239904803302828
-0.06966786257299809    ,0.016147477626321516    ,-0.00023359301942749156
-0.06967734688661034    ,0.016146581579896957    ,-0.0002430234953831878
-0.0696867798783557     ,0.016145689772113087    ,-0.0002522829442297425
-0.06969616168196399    ,0.01614480222702358     ,-0.0002613725577083059
-0.0697054928784184     ,0.016143918877886687    ,-0.0002702936987841742
-0.06971477339397583    ,0.016143039748107296    ,-0.0002790473741798305
-0.06972400385736946    ,0.016142164771255907    ,-0.00028763501797035573
-0.06973318424213087    ,0.01614129397128905     ,-0.0002960577056010383
-0.06974231497073463    ,0.016140427280604552    ,-0.0003043166869332037
-0.06975139631883523    ,0.016139564724917954    ,-0.00031241336051479607
-0.06976042850155573    ,0.016138706235960948    ,-0.0003203487874414712
-0.06976941184244287    ,0.016137851839764794    ,-0.00032812443362395527
-0.06977834660398113    ,0.016137001468623235    ,-0.00033574142521697325
-0.06978723290358702    ,0.01613615514739833     ,-0.00034320104036478227
-0.06979607130599627    ,0.01613531281012895     ,-0.00035050472474429384
-0.06980486172132247    ,0.016134474481031835    ,-0.00035765356415362604
-0.06981360476241219    ,0.016133640094458113    ,-0.0003646490682185366
-0.06982230038675083    ,0.016132809675172693    ,-0.00037149238438227705
-0.06983094900117962    ,0.016131983156378316    ,-0.00037818483100693356
-0.06983955086562257    ,0.016131160564578084    ,-0.0003847278717827862
-0.06984810617963882    ,0.01613034183232595     ,-0.000391122629533891
-0.0698566152514124     ,0.016129526986451148    ,-0.00039737062851319394
-0.06986507832795752    ,0.01612871596004886     ,-0.00040347304999799327
-0.06987349551157429    ,0.016127908778796468    ,-0.00040943122395220577
-0.06988186735184393    ,0.016127105377544693    ,-0.00041524664462500027
-0.06989019374382607    ,0.016126305781311717    ,-0.00042092044338915
-0.06989847528550766    ,0.016125509925267456    ,-0.00042645417219766557
-0.06990671191953526    ,0.016124717834988672    ,-0.0004318490177124268
-0.06991490403803619    ,0.016123929444486484    ,-0.00043710633471083504
-0.06992305188637665    ,0.016123144781093196    ,-0.00044222761999557214
-0.06993115570016681    ,0.016122363778556248    ,-0.00044721407693737447
-0.06993921557011534    ,0.016121586463208742    ,-0.00045206705490130616
-0.0699472320345243     ,0.01612081277055019     ,-0.0004567880657058154
-0.06995520497719496    ,0.01612004272626491     ,-0.0004613782557671975
-0.06996313498480386    ,0.01611927626616813     ,-0.00046583919008358343
-0.0699710219890029     ,0.01611851341649928     ,-0.0004701720661692832
