Time,Altitude_Error,Integral_Altitude_Error,Derivative_Altitude_Error,Control_Signal
0.0080,0.9006,0.0072,112.5785,571.9005
0.0160,0.9019,0.0144,0.1565,9.8050
0.0240,0.9038,0.0217,0.2341,10.2136
0.0320,0.9062,0.0289,0.3113,10.6262
0.0400,0.9093,0.0362,0.3881,11.0428
0.0480,0.9131,0.0435,0.4644,11.4633
0.0560,0.9132,0.0508,0.0173,9.2314
0.0640,0.9140,0.0581,0.1015,9.6621
0.0720,0.9155,0.0654,0.1853,10.0978
0.0800,0.9155,0.0727,-0.0008,9.1693
0.0880,0.9145,0.0801,-0.1281,8.5243
0.0960,0.9141,0.0874,-0.0487,8.9190
0.1040,0.9143,0.0947,0.0301,9.3175
0.1120,0.9142,0.1020,-0.0202,9.0659
0.1200,0.9144,0.1093,0.0272,9.3070
0.1280,0.9148,0.1166,0.0551,9.4530
0.1360,0.9146,0.1240,-0.0292,9.0308
0.1440,0.9145,0.1313,-0.0077,9.1396
0.1520,0.9145,0.1386,-0.0057,9.1508
0.1600,0.9144,0.1459,-0.0046,9.1580
0.1680,0.9144,0.1532,-0.0036,9.1642
0.1760,0.9144,0.1605,-0.0029,9.1694
0.1840,0.9144,0.1678,-0.0023,9.1740
0.1920,0.9144,0.1752,-0.0019,9.1780
0.2000,0.9143,0.1825,-0.0015,9.1816
0.2080,0.9143,0.1898,-0.0012,9.1848
0.2160,0.9143,0.1971,-0.0009,9.1877
0.2240,0.9143,0.2044,-0.0008,9.1905
0.2320,0.9143,0.2117,-0.0006,9.1930
0.2400,0.9143,0.2190,-0.0005,9.1954
0.2480,0.9143,0.2264,-0.0004,9.1977
0.2560,0.9143,0.2337,-0.0003,9.1999
0.2640,0.9143,0.2410,-0.0003,9.2020
0.2720,0.9143,0.2483,-0.0002,9.2040
0.2800,0.9143,0.2556,-0.0002,9.2061
0.2880,0.9143,0.2629,-0.0001,9.2080
0.2960,0.9143,0.2702,-0.0001,9.2100
0.3040,0.9143,0.2776,-0.0001,9.2119
0.3120,0.9143,0.2849,-0.0001,9.2138
0.3200,0.9143,0.2922,-0.0001,9.2157
0.3280,0.9143,0.2995,-0.0000,9.2176
0.3360,0.9143,0.3068,-0.0000,9.2194
0.3440,0.9143,0.3141,-0.0000,9.2213
0.3520,0.9143,0.3214,-0.0000,9.2231
0.3600,0.9143,0.3288,-0.0000,9.2250
0.3680,0.9143,0.3361,-0.0000,9.2268
0.3760,0.9143,0.3434,-0.0000,9.2287
0.3840,0.9143,0.3507,-0.0000,9.2305
0.3920,0.9143,0.3580,-0.0000,9.2323
0.4000,0.9143,0.3653,-0.0000,9.2342
0.4080,0.9143,0.3726,-0.0000,9.2360
0.4160,0.9143,0.3800,-0.0000,9.2378
0.4240,0.9143,0.3873,-0.0000,9.2397
0.4320,0.9143,0.3946,-0.0000,9.2415
0.4400,0.9143,0.4019,-0.0000,9.2433
0.4480,0.9143,0.4092,-0.0000,9.2452
0.4560,0.9143,0.4165,-0.0000,9.2470
0.4640,0.9143,0.4238,-0.0000,9.2488
0.4720,0.9143,0.4312,-0.0000,9.2506
0.4800,0.9143,0.4385,-0.0000,9.2525
0.4880,0.9143,0.4458,-0.0000,9.2543
0.4960,0.9143,0.4531,-0.0000,9.2561
0.5040,0.9143,0.4604,-0.0000,9.2580
0.5120,0.9143,0.4677,-0.0000,9.2598
0.5200,0.9143,0.4750,-0.0000,9.2616
0.5280,0.9143,0.4824,-0.0000,9.2634
0.5360,0.9143,0.4897,-0.0000,9.2653
0.5440,0.9143,0.4970,-0.0000,9.2671
0.5520,0.9143,0.5043,-0.0000,9.2689
0.5600,0.9143,0.5116,-0.0000,9.2707
0.5680,0.9143,0.5189,-0.0000,9.2726
0.5760,0.9143,0.5262,-0.0000,9.2744
0.5840,0.9143,0.5336,-0.0000,9.2762
0.5920,0.9143,0.5409,-0.0000,9.2781
0.6000,0.9143,0.5482,-0.0000,9.2799
0.6080,0.9143,0.5555,-0.0000,9.2817
0.6160,0.9143,0.5628,-0.0000,9.2835
0.6240,0.9143,0.5701,-0.0000,9.2854
0.6320,0.9143,0.5774,-0.0000,9.2872
0.6400,0.9143,0.5848,-0.0000,9.2890
0.6480,0.9143,0.5921,-0.0000,9.2908
0.6560,0.9143,0.5994,-0.0000,9.2927
0.6640,0.9143,0.6067,-0.0000,9.2945
0.6720,0.9143,0.6140,-0.0000,9.2963
0.6800,0.9143,0.6213,-0.0000,9.2982
0.6880,0.9143,0.6286,-0.0000,9.3000
0.6960,0.9143,0.6360,-0.0000,9.3018
0.7040,0.9143,0.6433,-0.0000,9.3036
0.7120,0.9143,0.6506,-0.0000,9.3055
0.7200,0.9143,0.6579,-0.0000,9.3073
0.7280,0.9143,0.6652,-0.0000,9.3091
0.7360,0.9143,0.6725,-0.0000,9.3109
0.7440,0.9143,0.6798,-0.0000,9.3128
0.7520,0.9143,0.6872,-0.0000,9.3146
0.7600,0.9143,0.6945,-0.0000,9.3164
0.7680,0.9143,0.7018,-0.0000,9.3183
0.7760,0.9143,0.7091,-0.0000,9.3201
0.7840,0.9143,0.7164,-0.0000,9.3219
0.7920,0.9143,0.7237,-0.0000,9.3237
0.8000,0.9143,0.7310,-0.0000,9.3256
0.8080,0.9143,0.7384,-0.0000,9.3274
0.8160,0.9143,0.7457,-0.0000,9.3292
0.8240,0.9143,0.7530,-0.0000,9.3310
0.8320,0.9143,0.7603,-0.0000,9.3329
0.8400,0.9143,0.7676,-0.0000,9.3347
0.8480,0.9143,0.7749,-0.0000,9.3365
0.8560,0.9143,0.7822,-0.0000,9.3383
0.8640,0.9143,0.7896,-0.0000,9.3402
0.8720,0.9143,0.7969,-0.0000,9.3420
0.8800,0.9143,0.8042,-0.0000,9.3438
0.8880,0.9143,0.8115,-0.0000,9.3457
0.8960,0.9143,0.8188,-0.0000,9.3475
0.9040,0.9143,0.8261,-0.0000,9.3493
0.9120,0.9143,0.8334,-0.0000,9.3511
0.9200,0.9143,0.8408,-0.0000,9.3530
0.9280,0.9143,0.8481,-0.0000,9.3548
0.9360,0.9143,0.8554,-0.0000,9.3566
0.9440,0.9143,0.8627,-0.0000,9.3584
0.9520,0.9143,0.8700,-0.0000,9.3603
0.9600,0.9143,0.8773,-0.0000,9.3621
0.9680,0.9143,0.8846,-0.0000,9.3639
0.9760,0.9143,0.8920,-0.0000,9.3657
0.9840,0.9143,0.8993,-0.0000,9.3676
0.9920,0.9143,0.9066,-0.0000,9.3694
1.0000,0.9143,0.9139,-0.0000,9.3712
1.0080,0.9143,0.9212,-0.0000,9.3731
1.0160,0.9143,0.9285,-0.0000,9.3749
1.0240,0.9143,0.9358,-0.0000,9.3767
1.0320,0.9143,0.9432,-0.0000,9.3785
1.0400,0.9143,0.9505,-0.0000,9.3804
1.0480,0.9143,0.9578,-0.0000,9.3822
1.0560,0.9143,0.9651,-0.0000,9.3840
1.0640,0.9143,0.9724,-0.0000,9.3858
1.0720,0.9143,0.9797,-0.0000,9.3877
1.0800,0.9143,0.9870,-0.0000,9.3895
1.0880,0.9143,0.9944,-0.0000,9.3913
1.0960,0.9143,1.0017,-0.0000,9.3931
1.1040,0.9143,1.0090,-0.0000,9.3950
1.1120,0.9143,1.0163,-0.0000,9.3968
1.1200,0.9143,1.0236,-0.0000,9.3986
1.1280,0.9143,1.0309,-0.0000,9.4005
1.1360,0.9143,1.0382,-0.0000,9.4023
1.1440,0.9143,1.0456,-0.0000,9.4041
1.1520,0.9143,1.0529,-0.0000,9.4059
1.1600,0.9143,1.0602,-0.0000,9.4078
1.1680,0.9143,1.0675,-0.0000,9.4096
1.1760,0.9143,1.0748,-0.0000,9.4114
1.1840,0.9143,1.0821,-0.0000,9.4132
1.1920,0.9143,1.0894,-0.0000,9.4151
1.2000,0.9143,1.0968,-0.0000,9.4169
1.2080,0.9143,1.1041,-0.0000,9.4187
1.2160,0.9143,1.1114,-0.0000,9.4205
1.2240,0.9143,1.1187,-0.0000,9.4224
1.2320,0.9143,1.1260,-0.0000,9.4242
1.2400,0.9143,1.1333,-0.0000,9.4260
1.2480,0.9143,1.1406,-0.0000,9.4278
1.2560,0.9143,1.1480,-0.0000,9.4297
1.2640,0.9143,1.1553,-0.0000,9.4315
1.2720,0.9143,1.1626,-0.0000,9.4333
1.2800,0.9143,1.1699,-0.0000,9.4352
1.2880,0.9143,1.1772,-0.0000,9.4370
1.2960,0.9143,1.1845,-0.0000,9.4388
1.3040,0.9143,1.1918,-0.0000,9.4406
1.3120,0.9143,1.1992,-0.0000,9.4425
1.3200,0.9143,1.2065,-0.0000,9.4443
1.3280,0.9143,1.2138,-0.0000,9.4461
1.3360,0.9143,1.2211,-0.0000,9.4479
1.3440,0.9143,1.2284,-0.0000,9.4498
1.3520,0.9143,1.2357,-0.0000,9.4516
1.3600,0.9143,1.2430,-0.0000,9.4534
1.3680,0.9143,1.2504,-0.0000,9.4552
1.3760,0.9143,1.2577,-0.0000,9.4571
1.3840,0.9143,1.2650,-0.0000,9.4589
1.3920,0.9143,1.2723,-0.0000,9.4607
1.4000,0.9143,1.2796,-0.0000,9.4625
1.4080,0.9143,1.2869,-0.0000,9.4644
1.4160,0.9143,1.2942,-0.0000,9.4662
1.4240,0.9143,1.3016,-0.0000,9.4680
1.4320,0.9143,1.3089,-0.0000,9.4698
1.4400,0.9143,1.3162,-0.0000,9.4717
1.4480,0.9143,1.3235,-0.0000,9.4735
1.4560,0.9143,1.3308,-0.0000,9.4753
1.4640,0.9143,1.3381,-0.0000,9.4772
1.4720,0.9143,1.3454,-0.0000,9.4790
1.4800,0.9143,1.3528,-0.0000,9.4808
1.4880,0.9143,1.3601,-0.0000,9.4826
1.4960,0.9143,1.3674,-0.0000,9.4845
1.5040,0.9143,1.3747,-0.0000,9.4863
1.5120,0.9143,1.3820,-0.0000,9.4881
1.5200,0.9143,1.3893,-0.0000,9.4899
1.5280,0.9143,1.3966,-0.0000,9.4918
1.5360,0.9143,1.4040,-0.0000,9.4936
1.5440,0.9143,1.4113,-0.0000,9.4954
1.5520,0.9143,1.4186,-0.0000,9.4972
1.5600,0.9143,1.4259,-0.0000,9.4991
1.5680,0.9143,1.4332,-0.0000,9.5009
1.5760,0.9143,1.4405,-0.0000,9.5027
1.5840,0.9143,1.4478,-0.0000,9.5045
1.5920,0.9143,1.4552,-0.0000,9.5064
1.6000,0.9143,1.4625,-0.0000,9.5082
1.6080,0.9143,1.4698,-0.0000,9.5100
1.6160,0.9143,1.4771,-0.0000,9.5118
1.6240,0.9143,1.4844,-0.0000,9.5137
1.6320,0.9143,1.4917,-0.0000,9.5155
1.6400,0.9143,1.4990,-0.0000,9.5173
1.6480,0.9143,1.5064,-0.0000,9.5191
1.6560,0.9143,1.5137,-0.0000,9.5210
1.6640,0.9143,1.5210,-0.0000,9.5228
1.6720,0.9143,1.5283,-0.0000,9.5246
1.6800,0.9143,1.5356,-0.0000,9.5264
1.6880,0.9143,1.5429,-0.0000,9.5283
1.6960,0.9143,1.5502,-0.0000,9.5301
1.7040,0.9143,1.5576,-0.0000,9.5319
1.7120,0.9143,1.5649,-0.0000,9.5337
1.7200,0.9143,1.5722,-0.0000,9.5356
1.7280,0.9143,1.5795,-0.0000,9.5374
1.7360,0.9143,1.5868,-0.0000,9.5392
1.7440,0.9143,1.5941,-0.0000,9.5411
1.7520,0.9143,1.6014,-0.0000,9.5429
1.7600,0.9143,1.6088,-0.0000,9.5447
1.7680,0.9143,1.6161,-0.0000,9.5465
1.7760,0.9143,1.6234,-0.0000,9.5484
1.7840,0.9143,1.6307,-0.0000,9.5502
1.7920,0.9143,1.6380,-0.0000,9.5520
1.8000,0.9143,1.6453,-0.0000,9.5538
1.8080,0.9143,1.6526,-0.0000,9.5557
1.8160,0.9143,1.6600,-0.0000,9.5575
1.8240,0.9143,1.6673,-0.0000,9.5593
1.8320,0.9143,1.6746,-0.0000,9.5611
1.8400,0.9143,1.6819,-0.0000,9.5630
1.8480,0.9143,1.6892,-0.0000,9.5648
1.8560,0.9143,1.6965,-0.0000,9.5666
1.8640,0.9143,1.7038,-0.0000,9.5684
1.8720,0.9143,1.7112,-0.0000,9.5703
1.8800,0.9143,1.7185,-0.0000,9.5721
1.8880,0.9143,1.7258,-0.0000,9.5739
1.8960,0.9143,1.7331,-0.0000,9.5757
1.9040,0.9143,1.7404,-0.0000,9.5776
1.9120,0.9143,1.7477,-0.0000,9.5794
1.9200,0.9143,1.7550,-0.0000,9.5812
1.9280,0.9143,1.7624,-0.0000,9.5830
1.9360,0.9143,1.7697,-0.0000,9.5849
1.9440,0.9143,1.7770,-0.0000,9.5867
1.9520,0.9143,1.7843,-0.0000,9.5885
1.9600,0.9143,1.7916,-0.0000,9.5903
1.9680,0.9143,1.7989,-0.0000,9.5922
1.9760,0.9143,1.8062,-0.0000,9.5940
1.9840,0.9143,1.8135,-0.0000,9.5958
1.9920,0.9143,1.8209,-0.0000,9.5976
2.0000,0.9143,1.8282,-0.0000,9.5995
2.0080,0.9143,1.8355,-0.0000,9.6013
2.0160,0.9143,1.8428,-0.0000,9.6031
2.0240,0.9143,1.8501,-0.0000,9.6049
2.0320,0.9143,1.8574,-0.0000,9.6068
2.0400,0.9143,1.8647,-0.0000,9.6086
2.0480,0.9143,1.8721,-0.0000,9.6104
2.0560,0.9143,1.8794,-0.0000,9.6122
2.0640,0.9143,1.8867,-0.0000,9.6141
2.0720,0.9143,1.8940,-0.0000,9.6159
2.0800,0.9143,1.9013,-0.0000,9.6177
2.0880,0.9143,1.9086,-0.0000,9.6195
2.0960,0.9143,1.9159,-0.0000,9.6214
2.1040,0.9143,1.9233,-0.0000,9.6232
2.1120,0.9143,1.9306,-0.0000,9.6250
2.1200,0.9143,1.9379,-0.0000,9.6268
2.1280,0.9143,1.9452,-0.0000,9.6287
2.1360,0.9143,1.9525,-0.0000,9.6305
2.1440,0.9143,1.9598,-0.0000,9.6323
2.1520,0.9143,1.9671,-0.0000,9.6341
2.1600,0.9143,1.9745,-0.0000,9.6360
2.1680,0.9143,1.9818,-0.0000,9.6378
2.1760,0.9143,1.9891,-0.0000,9.6396
2.1840,0.9143,1.9964,-0.0000,9.6414
2.1920,0.9143,2.0037,-0.0000,9.6433
2.2000,0.9143,2.0110,-0.0000,9.6451
2.2080,0.9143,2.0183,-0.0000,9.6469
2.2160,0.9143,2.0257,-0.0000,9.6487
2.2240,0.9143,2.0330,-0.0000,9.6506
2.2320,0.9143,2.0403,-0.0000,9.6524
2.2400,0.9142,2.0476,-0.0000,9.6542
2.2480,0.9142,2.0549,-0.0000,9.6560
2.2560,0.9142,2.0622,-0.0000,9.6579
2.2640,0.9142,2.0695,-0.0000,9.6597
2.2720,0.9142,2.0769,-0.0000,9.6615
2.2800,0.9142,2.0842,-0.0000,9.6634
2.2880,0.9142,2.0915,-0.0000,9.6652
2.2960,0.9142,2.0988,-0.0000,9.6670
2.3040,0.9142,2.1061,-0.0000,9.6688
2.3120,0.9142,2.1134,-0.0000,9.6706
2.3200,0.9142,2.1207,-0.0003,9.6710
2.3280,0.9142,2.1281,-0.0011,9.6690
2.3360,0.9142,2.1354,-0.0023,9.6648
2.3440,0.9142,2.1427,-0.0039,9.6580
2.3520,0.9141,2.1500,-0.0060,9.6488
2.3600,0.9141,2.1573,-0.0086,9.6369
2.3680,0.9140,2.1646,-0.0118,9.6220
2.3760,0.9139,2.1719,-0.0155,9.6041
2.3840,0.9137,2.1792,-0.0197,9.5832
2.3920,0.9135,2.1865,-0.0245,9.5592
2.4000,0.9133,2.1939,-0.0298,9.5321
2.4080,0.9130,2.2012,-0.0356,9.5019
2.4160,0.9126,2.2085,-0.0420,9.4685
2.4240,0.9122,2.2158,-0.0489,9.4319
2.4320,0.9118,2.2230,-0.0563,9.3920
2.4400,0.9113,2.2303,-0.0643,9.3489
2.4480,0.9107,2.2376,-0.0728,9.3024
2.4560,0.9100,2.2449,-0.0818,9.2526
2.4640,0.9093,2.2522,-0.0914,9.1994
2.4720,0.9085,2.2594,-0.1014,9.1427
2.4800,0.9076,2.2667,-0.1120,9.0826
2.4880,0.9066,2.2740,-0.1231,9.0190
2.4960,0.9055,2.2812,-0.1345,8.9533
2.5040,0.9044,2.2884,-0.1459,8.8865
2.5120,0.9031,2.2957,-0.1574,8.8182
2.5200,0.9018,2.3029,-0.1690,8.7484
2.5280,0.9003,2.3101,-0.1808,8.6767
2.5360,0.8988,2.3173,-0.1929,8.6028
2.5440,0.8971,2.3244,-0.2052,8.5265
2.5520,0.8954,2.3316,-0.2179,8.4474
2.5600,0.8935,2.3388,-0.2310,8.3654
2.5680,0.8916,2.3459,-0.2445,8.2800
2.5760,0.8895,2.3530,-0.2585,8.1910
2.5840,0.8873,2.3601,-0.2727,8.1000
2.5920,0.8850,2.3672,-0.2868,8.0083
2.6000,0.8826,2.3743,-0.3008,7.9157
2.6080,0.8801,2.3813,-0.3149,7.8220
2.6160,0.8775,2.3883,-0.3290,7.7269
2.6240,0.8747,2.3953,-0.3432,7.6300
2.6320,0.8719,2.4023,-0.3577,7.5310
2.6400,0.8689,2.4092,-0.3723,7.4296
2.6480,0.8658,2.4162,-0.3873,7.3254
2.6560,0.8626,2.4231,-0.4024,7.2196
2.6640,0.8592,2.4299,-0.4175,7.1125
2.6720,0.8558,2.4368,-0.4325,7.0044
2.6800,0.8522,2.4436,-0.4475,6.8953
2.6880,0.8485,2.4504,-0.4624,6.7856
2.6960,0.8447,2.4571,-0.4772,6.6754
2.7040,0.8408,2.4639,-0.4917,6.5648
2.7120,0.8367,2.4706,-0.5061,6.4543
2.7200,0.8325,2.4772,-0.5202,6.3439
2.7280,0.8283,2.4839,-0.5339,6.2340
2.7360,0.8239,2.4904,-0.5474,6.1247
2.7440,0.8194,2.4970,-0.5604,6.0161
2.7520,0.8148,2.5035,-0.5731,5.9085
2.7600,0.8101,2.5100,-0.5854,5.8019
2.7680,0.8054,2.5164,-0.5972,5.6966
2.7760,0.8005,2.5228,-0.6086,5.5928
2.7840,0.7955,2.5292,-0.6194,5.4906
2.7920,0.7905,2.5355,-0.6297,5.3902
2.8000,0.7854,2.5418,-0.6396,5.2915
2.8080,0.7802,2.5481,-0.6489,5.1947
2.8160,0.7749,2.5543,-0.6576,5.0998
2.8240,0.7696,2.5604,-0.6659,5.0069
2.8320,0.7642,2.5665,-0.6736,4.9160
2.8400,0.7588,2.5726,-0.6807,4.8272
2.8480,0.7533,2.5786,-0.6874,4.7402
2.8560,0.7477,2.5846,-0.6936,4.6552
2.8640,0.7421,2.5905,-0.6994,4.5721
2.8720,0.7365,2.5964,-0.7046,4.4909
2.8800,0.7308,2.6023,-0.7095,4.4114
2.8880,0.7251,2.6081,-0.7139,4.3336
2.8960,0.7194,2.6138,-0.7179,4.2574
2.9040,0.7136,2.6195,-0.7216,4.1828
2.9120,0.7078,2.6252,-0.7249,4.1096
2.9200,0.7020,2.6308,-0.7279,4.0378
2.9280,0.6961,2.6364,-0.7306,3.9673
2.9360,0.6903,2.6419,-0.7330,3.8979
2.9440,0.6844,2.6474,-0.7352,3.8295
2.9520,0.6785,2.6528,-0.7372,3.7622
2.9600,0.6726,2.6582,-0.7389,3.6957
2.9680,0.6666,2.6635,-0.7405,3.6300
2.9760,0.6607,2.6688,-0.7418,3.5651
2.9840,0.6548,2.6741,-0.7431,3.5007
2.9920,0.6488,2.6792,-0.7442,3.4369
3.0000,0.6428,2.6844,-0.7452,3.3737
3.0080,0.6369,2.6895,-0.7461,3.3108
3.0160,0.6309,2.6945,-0.7469,3.2483
3.0240,0.6249,2.6995,-0.7476,3.1861
3.0320,0.6189,2.7045,-0.7483,3.1242
3.0400,0.6129,2.7094,-0.7489,3.0626
3.0480,0.6070,2.7142,-0.7494,3.0011
3.0560,0.6010,2.7190,-0.7499,2.9398
3.0640,0.5950,2.7238,-0.7503,2.8787
3.0720,0.5889,2.7285,-0.7508,2.8178
3.0800,0.5829,2.7332,-0.7511,2.7570
3.0880,0.5769,2.7378,-0.7515,2.6964
3.0960,0.5709,2.7424,-0.7518,2.6359
3.1040,0.5649,2.7469,-0.7520,2.5756
3.1120,0.5589,2.7514,-0.7522,2.5154
3.1200,0.5529,2.7558,-0.7524,2.4555
3.1280,0.5468,2.7602,-0.7525,2.3958
3.1360,0.5408,2.7645,-0.7526,2.3364
3.1440,0.5348,2.7688,-0.7526,2.2773
3.1520,0.5288,2.7730,-0.7525,2.2185
3.1600,0.5228,2.7772,-0.7524,2.1601
3.1680,0.5167,2.7813,-0.7521,2.1020
3.1760,0.5107,2.7854,-0.7518,2.0444
3.1840,0.5047,2.7894,-0.7514,1.9873
3.1920,0.4987,2.7934,-0.7509,1.9308
3.2000,0.4927,2.7974,-0.7503,1.8747
3.2080,0.4867,2.8013,-0.7496,1.8193
3.2160,0.4807,2.8051,-0.7488,1.7645
3.2240,0.4747,2.8089,-0.7478,1.7104
3.2320,0.4688,2.8126,-0.7468,1.6570
3.2400,0.4628,2.8163,-0.7455,1.6043
3.2480,0.4568,2.8200,-0.7442,1.5524
3.2560,0.4509,2.8236,-0.7427,1.5012
3.2640,0.4450,2.8272,-0.7411,1.4509
3.2720,0.4391,2.8307,-0.7394,1.4014
3.2800,0.4332,2.8341,-0.7375,1.3528
3.2880,0.4273,2.8376,-0.7354,1.3050
3.2960,0.4214,2.8409,-0.7332,1.2581
3.3040,0.4156,2.8443,-0.7309,1.2120
3.3120,0.4097,2.8475,-0.7285,1.1668
3.3200,0.4039,2.8508,-0.7259,1.1226
3.3280,0.3981,2.8540,-0.7231,1.0792
3.3360,0.3924,2.8571,-0.7203,1.0366
3.3440,0.3866,2.8602,-0.7173,0.9950
3.3520,0.3809,2.8632,-0.7142,0.9541
3.3600,0.3752,2.8662,-0.7110,0.9142
3.3680,0.3696,2.8692,-0.7076,0.8750
3.3760,0.3639,2.8721,-0.7041,0.8367
3.3840,0.3583,2.8750,-0.7006,0.7992
3.3920,0.3528,2.8778,-0.6969,0.7624
3.4000,0.3472,2.8806,-0.6932,0.7265
3.4080,0.3417,2.8833,-0.6893,0.6912
3.4160,0.3362,2.8860,-0.6854,0.6567
3.4240,0.3308,2.8886,-0.6814,0.6228
3.4320,0.3253,2.8912,-0.6773,0.5897
3.4400,0.3200,2.8938,-0.6732,0.5572
3.4480,0.3146,2.8963,-0.6690,0.5253
3.4560,0.3093,2.8988,-0.6647,0.4940
3.4640,0.3040,2.9012,-0.6604,0.4633
3.4720,0.2988,2.9036,-0.6561,0.4332
3.4800,0.2935,2.9060,-0.6517,0.4037
3.4880,0.2884,2.9083,-0.6472,0.3746
3.4960,0.2832,2.9105,-0.6428,0.3461
3.5040,0.2781,2.9128,-0.6383,0.3181
3.5120,0.2731,2.9149,-0.6337,0.2906
3.5200,0.2680,2.9171,-0.6292,0.2635
3.5280,0.2630,2.9192,-0.6246,0.2369
3.5360,0.2581,2.9213,-0.6200,0.2107
3.5440,0.2531,2.9233,-0.6155,0.1850
3.5520,0.2483,2.9253,-0.6108,0.1596
3.5600,0.2434,2.9272,-0.6062,0.1347
3.5680,0.2386,2.9291,-0.6016,0.1102
3.5760,0.2338,2.9310,-0.5969,0.0862
3.5840,0.2291,2.9328,-0.5923,0.0625
3.5920,0.2244,2.9346,-0.5876,0.0392
3.6000,0.2197,2.9364,-0.5830,0.0163
3.6080,0.2151,2.9381,-0.5783,-0.0062
3.6160,0.2105,2.9398,-0.5736,-0.0283
3.6240,0.2059,2.9414,-0.5690,-0.0500
3.6320,0.2014,2.9430,-0.5643,-0.0714
3.6400,0.1970,2.9446,-0.5596,-0.0923
3.6480,0.1925,2.9462,-0.5549,-0.1128
3.6560,0.1881,2.9477,-0.5502,-0.1329
3.6640,0.1837,2.9491,-0.5455,-0.1526
3.6720,0.1794,2.9506,-0.5408,-0.1719
3.6800,0.1751,2.9520,-0.5360,-0.1908
3.6880,0.1709,2.9533,-0.5313,-0.2093
3.6960,0.1667,2.9547,-0.5265,-0.2273
3.7040,0.1625,2.9560,-0.5218,-0.2449
3.7120,0.1584,2.9572,-0.5170,-0.2621
3.7200,0.1543,2.9585,-0.5122,-0.2789
3.7280,0.1502,2.9597,-0.5074,-0.2952
3.7360,0.1462,2.9608,-0.5026,-0.3111
3.7440,0.1422,2.9620,-0.4978,-0.3265
3.7520,0.1383,2.9631,-0.4930,-0.3415
3.7600,0.1344,2.9642,-0.4881,-0.3561
3.7680,0.1305,2.9652,-0.4833,-0.3702
3.7760,0.1267,2.9662,-0.4784,-0.3839
3.7840,0.1229,2.9672,-0.4735,-0.3971
3.7920,0.1191,2.9682,-0.4686,-0.4099
3.8000,0.1154,2.9691,-0.4637,-0.4223
3.8080,0.1117,2.9700,-0.4588,-0.4342
3.8160,0.1081,2.9708,-0.4539,-0.4458
3.8240,0.1045,2.9717,-0.4490,-0.4568
3.8320,0.1010,2.9725,-0.4441,-0.4675
3.8400,0.0975,2.9733,-0.4391,-0.4777
3.8480,0.0940,2.9740,-0.4342,-0.4875
3.8560,0.0905,2.9747,-0.4292,-0.4970
3.8640,0.0872,2.9754,-0.4243,-0.5060
3.8720,0.0838,2.9761,-0.4193,-0.5146
3.8800,0.0805,2.9768,-0.4144,-0.5228
3.8880,0.0772,2.9774,-0.4094,-0.5307
3.8960,0.0740,2.9780,-0.4045,-0.5382
3.9040,0.0708,2.9785,-0.3995,-0.5453
3.9120,0.0676,2.9791,-0.3946,-0.5520
3.9200,0.0645,2.9796,-0.3897,-0.5584
3.9280,0.0614,2.9801,-0.3847,-0.5645
3.9360,0.0584,2.9805,-0.3798,-0.5702
3.9440,0.0554,2.9810,-0.3749,-0.5756
3.9520,0.0524,2.9814,-0.3701,-0.5807
3.9600,0.0495,2.9818,-0.3652,-0.5855
3.9680,0.0466,2.9822,-0.3603,-0.5899
3.9760,0.0438,2.9825,-0.3555,-0.5941
3.9840,0.0410,2.9829,-0.3507,-0.5980
3.9920,0.0382,2.9832,-0.3459,-0.6016
4.0000,0.0355,2.9834,-0.3411,-0.6049
4.0080,0.0328,2.9837,-0.3363,-0.6080
4.0160,0.0301,2.9839,-0.3316,-0.6107
4.0240,0.0275,2.9842,-0.3269,-0.6133
4.0320,0.0249,2.9844,-0.3222,-0.6156
4.0400,0.0224,2.9845,-0.3175,-0.6176
4.0480,0.0199,2.9847,-0.3129,-0.6194
4.0560,0.0174,2.9848,-0.3083,-0.6210
4.0640,0.0150,2.9850,-0.3037,-0.6223
4.0720,0.0126,2.9851,-0.2991,-0.6234
4.0800,0.0102,2.9851,-0.2946,-0.6243
4.0880,0.0079,2.9852,-0.2901,-0.6249
4.0960,0.0056,2.9853,-0.2856,-0.6254
4.1040,0.0034,2.9853,-0.2812,-0.6256
4.1120,0.0012,2.9853,-0.2768,-0.6256
4.1200,-0.0010,2.9853,-0.2724,-0.6255
4.1280,-0.0031,2.9853,-0.2680,-0.6251
4.1360,-0.0053,2.9852,-0.2637,-0.6245
4.1440,-0.0073,2.9852,-0.2593,-0.6237
4.1520,-0.0094,2.9851,-0.2551,-0.6228
4.1600,-0.0114,2.9850,-0.2508,-0.6216
4.1680,-0.0133,2.9849,-0.2466,-0.6202
4.1760,-0.0153,2.9848,-0.2424,-0.6187
4.1840,-0.0172,2.9846,-0.2382,-0.6169
4.1920,-0.0191,2.9845,-0.2341,-0.6150
4.2000,-0.0209,2.9843,-0.2300,-0.6129
4.2080,-0.0227,2.9841,-0.2259,-0.6106
4.2160,-0.0245,2.9839,-0.2218,-0.6081
4.2240,-0.0262,2.9837,-0.2178,-0.6055
4.2320,-0.0279,2.9835,-0.2138,-0.6027
4.2400,-0.0296,2.9833,-0.2099,-0.5997
4.2480,-0.0313,2.9830,-0.2059,-0.5965
4.2560,-0.0329,2.9827,-0.2020,-0.5931
4.2640,-0.0345,2.9825,-0.1981,-0.5896
4.2720,-0.0360,2.9822,-0.1943,-0.5860
4.2800,-0.0375,2.9819,-0.1904,-0.5821
4.2880,-0.0390,2.9816,-0.1866,-0.5781
4.2960,-0.0405,2.9812,-0.1829,-0.5740
4.3040,-0.0419,2.9809,-0.1791,-0.5696
4.3120,-0.0433,2.9806,-0.1754,-0.5652
4.3200,-0.0447,2.9802,-0.1717,-0.5606
4.3280,-0.0461,2.9798,-0.1680,-0.5558
4.3360,-0.0474,2.9795,-0.1644,-0.5509
4.3440,-0.0487,2.9791,-0.1608,-0.5458
4.3520,-0.0499,2.9787,-0.1572,-0.5407
4.3600,-0.0511,2.9783,-0.1537,-0.5353
4.3680,-0.0523,2.9778,-0.1502,-0.5299
4.3760,-0.0535,2.9774,-0.1467,-0.5243
4.3840,-0.0547,2.9770,-0.1432,-0.5186
4.3920,-0.0558,2.9765,-0.1398,-0.5128
4.4000,-0.0569,2.9761,-0.1364,-0.5069
4.4080,-0.0579,2.9756,-0.1331,-0.5008
4.4160,-0.0590,2.9751,-0.1297,-0.4947
4.4240,-0.0600,2.9747,-0.1264,-0.4884
4.4320,-0.0610,2.9742,-0.1232,-0.4820
4.4400,-0.0619,2.9737,-0.1199,-0.4756
4.4480,-0.0629,2.9732,-0.1167,-0.4690
4.4560,-0.0638,2.9727,-0.1136,-0.4624
4.4640,-0.0647,2.9721,-0.1104,-0.4556
4.4720,-0.0655,2.9716,-0.1073,-0.4488
4.4800,-0.0664,2.9711,-0.1042,-0.4419
4.4880,-0.0672,2.9706,-0.1012,-0.4349
4.4960,-0.0679,2.9700,-0.0982,-0.4278
4.5040,-0.0687,2.9695,-0.0952,-0.4207
4.5120,-0.0694,2.9689,-0.0922,-0.4135
4.5200,-0.0702,2.9683,-0.0893,-0.4062
4.5280,-0.0709,2.9678,-0.0865,-0.3989
4.5360,-0.0715,2.9672,-0.0836,-0.3915
4.5440,-0.0722,2.9666,-0.0808,-0.3840
4.5520,-0.0728,2.9660,-0.0780,-0.3765
4.5600,-0.0734,2.9655,-0.0753,-0.3689
4.5680,-0.0740,2.9649,-0.0726,-0.3613
4.5760,-0.0745,2.9643,-0.0699,-0.3537
4.5840,-0.0751,2.9637,-0.0672,-0.3459
4.5920,-0.0756,2.9631,-0.0646,-0.3382
4.6000,-0.0761,2.9625,-0.0620,-0.3304
4.6080,-0.0766,2.9618,-0.0595,-0.3226
4.6160,-0.0770,2.9612,-0.0570,-0.3147
4.6240,-0.0775,2.9606,-0.0545,-0.3068
4.6320,-0.0779,2.9600,-0.0520,-0.2988
4.6400,-0.0783,2.9594,-0.0496,-0.2908
4.6480,-0.0786,2.9587,-0.0472,-0.2828
4.6560,-0.0790,2.9581,-0.0449,-0.2748
4.6640,-0.0793,2.9575,-0.0425,-0.2667
4.6720,-0.0797,2.9568,-0.0402,-0.2586
4.6800,-0.0800,2.9562,-0.0380,-0.2505
4.6880,-0.0803,2.9555,-0.0357,-0.2424
4.6960,-0.0805,2.9549,-0.0335,-0.2342
4.7040,-0.0808,2.9543,-0.0314,-0.2261
4.7120,-0.0810,2.9536,-0.0292,-0.2179
4.7200,-0.0812,2.9530,-0.0271,-0.2096
4.7280,-0.0814,2.9523,-0.0250,-0.2014
4.7360,-0.0816,2.9516,-0.0230,-0.1932
4.7440,-0.0818,2.9510,-0.0210,-0.1849
4.7520,-0.0819,2.9503,-0.0190,-0.1766
4.7600,-0.0821,2.9497,-0.0170,-0.1684
4.7680,-0.0822,2.9490,-0.0151,-0.1601
4.7760,-0.0823,2.9484,-0.0132,-0.1518
4.7840,-0.0824,2.9477,-0.0113,-0.1435
4.7920,-0.0825,2.9470,-0.0095,-0.1352
4.8000,-0.0825,2.9464,-0.0077,-0.1269
4.8080,-0.0826,2.9457,-0.0059,-0.1186
4.8160,-0.0826,2.9451,-0.0041,-0.1103
4.8240,-0.0826,2.9444,-0.0024,-0.1020
4.8320,-0.0826,2.9437,-0.0007,-0.0936
4.8400,-0.0826,2.9431,0.0010,-0.0853
4.8480,-0.0826,2.9424,0.0027,-0.0771
4.8560,-0.0826,2.9418,0.0043,-0.0688
4.8640,-0.0825,2.9411,0.0059,-0.0605
4.8720,-0.0825,2.9404,0.0074,-0.0522
4.8800,-0.0824,2.9398,0.0090,-0.0440
4.8880,-0.0823,2.9391,0.0105,-0.0357
4.8960,-0.0822,2.9385,0.0120,-0.0275
4.9040,-0.0821,2.9378,0.0134,-0.0193
4.9120,-0.0820,2.9372,0.0149,-0.0111
4.9200,-0.0818,2.9365,0.0163,-0.0029
4.9280,-0.0817,2.9358,0.0177,0.0053
4.9360,-0.0816,2.9352,0.0190,0.0134
4.9440,-0.0814,2.9345,0.0204,0.0216
4.9520,-0.0812,2.9339,0.0217,0.0297
4.9600,-0.0810,2.9332,0.0229,0.0377
4.9680,-0.0808,2.9326,0.0242,0.0458
4.9760,-0.0806,2.9320,0.0254,0.0538
4.9840,-0.0804,2.9313,0.0266,0.0618
4.9920,-0.0802,2.9307,0.0278,0.0698
5.0000,-0.0800,2.9300,0.0290,0.0777
5.0080,-0.0797,2.9294,0.0301,0.0856
5.0160,-0.0795,2.9288,0.0312,0.0935
5.0240,-0.0792,2.9281,0.0323,0.1013
5.0320,-0.0790,2.9275,0.0334,0.1091
5.0400,-0.0787,2.9269,0.0344,0.1169
5.0480,-0.0784,2.9262,0.0354,0.1247
5.0560,-0.0781,2.9256,0.0364,0.1324
5.0640,-0.0778,2.9250,0.0374,0.1400
5.0720,-0.0775,2.9244,0.0383,0.1477
5.0800,-0.0772,2.9237,0.0392,0.1552
5.0880,-0.0769,2.9231,0.0401,0.1628
5.0960,-0.0765,2.9225,0.0410,0.1703
5.1040,-0.0762,2.9219,0.0419,0.1778
5.1120,-0.0759,2.9213,0.0427,0.1852
5.1200,-0.0755,2.9207,0.0435,0.1926
5.1280,-0.0752,2.9201,0.0443,0.1999
5.1360,-0.0748,2.9195,0.0451,0.2072
5.1440,-0.0744,2.9189,0.0458,0.2145
5.1520,-0.0741,2.9183,0.0465,0.2217
5.1600,-0.0737,2.9177,0.0472,0.2289
5.1680,-0.0733,2.9171,0.0479,0.2360
5.1760,-0.0729,2.9166,0.0486,0.2431
5.1840,-0.0725,2.9160,0.0492,0.2501
5.1920,-0.0721,2.9154,0.0499,0.2571
5.2000,-0.0717,2.9148,0.0505,0.2640
5.2080,-0.0713,2.9143,0.0511,0.2709
5.2160,-0.0709,2.9137,0.0516,0.2777
5.2240,-0.0705,2.9131,0.0522,0.2845
5.2320,-0.0700,2.9126,0.0527,0.2913
5.2400,-0.0696,2.9120,0.0532,0.2980
5.2480,-0.0692,2.9115,0.0537,0.3046
5.2560,-0.0688,2.9109,0.0542,0.3112
5.2640,-0.0683,2.9104,0.0547,0.3178
5.2720,-0.0679,2.9098,0.0551,0.3243
5.2800,-0.0674,2.9093,0.0555,0.3307
5.2880,-0.0670,2.9087,0.0560,0.3371
5.2960,-0.0665,2.9082,0.0564,0.3435
5.3040,-0.0661,2.9077,0.0567,0.3498
5.3120,-0.0656,2.9072,0.0571,0.3560
5.3200,-0.0652,2.9066,0.0574,0.3622
5.3280,-0.0647,2.9061,0.0578,0.3683
5.3360,-0.0642,2.9056,0.0581,0.3744
5.3440,-0.0638,2.9051,0.0584,0.3805
5.3520,-0.0633,2.9046,0.0587,0.3864
5.3600,-0.0628,2.9041,0.0589,0.3924
5.3680,-0.0624,2.9036,0.0592,0.3982
5.3760,-0.0619,2.9031,0.0594,0.4041
5.3840,-0.0614,2.9026,0.0597,0.4098
5.3920,-0.0609,2.9021,0.0599,0.4156
5.4000,-0.0604,2.9016,0.0601,0.4212
5.4080,-0.0600,2.9011,0.0602,0.4268
5.4160,-0.0595,2.9007,0.0604,0.4324
5.4240,-0.0590,2.9002,0.0606,0.4379
5.4320,-0.0585,2.8997,0.0607,0.4434
5.4400,-0.0580,2.8993,0.0608,0.4488
5.4480,-0.0575,2.8988,0.0610,0.4541
5.4560,-0.0570,2.8983,0.0611,0.4594
5.4640,-0.0566,2.8979,0.0611,0.4646
5.4720,-0.0561,2.8974,0.0612,0.4698
5.4800,-0.0556,2.8970,0.0613,0.4749
5.4880,-0.0551,2.8966,0.0613,0.4800
5.4960,-0.0546,2.8961,0.0614,0.4850
5.5040,-0.0541,2.8957,0.0614,0.4900
5.5120,-0.0536,2.8953,0.0614,0.4949
5.5200,-0.0531,2.8948,0.0614,0.4997
5.5280,-0.0526,2.8944,0.0614,0.5045
5.5360,-0.0521,2.8940,0.0614,0.5093
5.5440,-0.0516,2.8936,0.0614,0.5139
5.5520,-0.0512,2.8932,0.0614,0.5186
5.5600,-0.0507,2.8928,0.0613,0.5232
5.5680,-0.0502,2.8924,0.0613,0.5277
5.5760,-0.0497,2.8920,0.0612,0.5321
5.5840,-0.0492,2.8916,0.0611,0.5366
5.5920,-0.0487,2.8912,0.0610,0.5409
5.6000,-0.0482,2.8908,0.0610,0.5452
5.6080,-0.0477,2.8904,0.0608,0.5495
5.6160,-0.0472,2.8900,0.0607,0.5537
5.6240,-0.0468,2.8897,0.0606,0.5578
5.6320,-0.0463,2.8893,0.0605,0.5619
5.6400,-0.0458,2.8889,0.0603,0.5660
5.6480,-0.0453,2.8886,0.0602,0.5700
5.6560,-0.0448,2.8882,0.0600,0.5739
5.6640,-0.0444,2.8879,0.0599,0.5778
5.6720,-0.0439,2.8875,0.0597,0.5816
5.6800,-0.0434,2.8872,0.0595,0.5854
5.6880,-0.0429,2.8868,0.0593,0.5891
5.6960,-0.0425,2.8865,0.0591,0.5928
5.7040,-0.0420,2.8861,0.0589,0.5964
5.7120,-0.0415,2.8858,0.0587,0.6000
5.7200,-0.0410,2.8855,0.0585,0.6035
5.7280,-0.0406,2.8852,0.0583,0.6070
5.7360,-0.0401,2.8848,0.0581,0.6104
5.7440,-0.0397,2.8845,0.0578,0.6138
5.7520,-0.0392,2.8842,0.0576,0.6171
5.7600,-0.0387,2.8839,0.0573,0.6203
5.7680,-0.0383,2.8836,0.0571,0.6236
5.7760,-0.0378,2.8833,0.0568,0.6267
5.7840,-0.0374,2.8830,0.0566,0.6299
5.7920,-0.0369,2.8827,0.0563,0.6329
5.8000,-0.0365,2.8824,0.0560,0.6360
5.8080,-0.0360,2.8821,0.0557,0.6389
5.8160,-0.0356,2.8818,0.0554,0.6419
5.8240,-0.0351,2.8815,0.0552,0.6447
5.8320,-0.0347,2.8813,0.0549,0.6476
5.8400,-0.0343,2.8810,0.0546,0.6504
5.8480,-0.0338,2.8807,0.0542,0.6531
5.8560,-0.0334,2.8805,0.0539,0.6558
5.8640,-0.0330,2.8802,0.0536,0.6584
5.8720,-0.0325,2.8799,0.0533,0.6610
5.8800,-0.0321,2.8797,0.0530,0.6636
5.8880,-0.0317,2.8794,0.0526,0.6661
5.8960,-0.0313,2.8792,0.0523,0.6686
5.9040,-0.0309,2.8789,0.0520,0.6710
5.9120,-0.0305,2.8787,0.0516,0.6734
5.9200,-0.0300,2.8784,0.0513,0.6757
5.9280,-0.0296,2.8782,0.0510,0.6780
5.9360,-0.0292,2.8780,0.0506,0.6802
5.9440,-0.0288,2.8777,0.0502,0.6824
5.9520,-0.0284,2.8775,0.0499,0.6846
5.9600,-0.0280,2.8773,0.0495,0.6867
5.9680,-0.0276,2.8771,0.0492,0.6888
5.9760,-0.0272,2.8768,0.0488,0.6908
5.9840,-0.0269,2.8766,0.0484,0.6928
5.9920,-0.0265,2.8764,0.0481,0.6947
6.0000,-0.0261,2.8762,0.0477,0.6966
6.0080,-0.0257,2.8760,0.0473,0.6985
6.0160,-0.0253,2.8758,0.0470,0.7003
6.0240,-0.0250,2.8756,0.0466,0.7021
6.0320,-0.0246,2.8754,0.0462,0.7039
6.0400,-0.0242,2.8752,0.0458,0.7056
6.0480,-0.0239,2.8750,0.0454,0.7072
6.0560,-0.0235,2.8748,0.0450,0.7089
6.0640,-0.0231,2.8746,0.0447,0.7105
6.0720,-0.0228,2.8745,0.0443,0.7120
6.0800,-0.0224,2.8743,0.0439,0.7135
6.0880,-0.0221,2.8741,0.0435,0.7150
6.0960,-0.0218,2.8739,0.0431,0.7164
6.1040,-0.0214,2.8738,0.0427,0.7178
6.1120,-0.0211,2.8736,0.0423,0.7192
6.1200,-0.0207,2.8734,0.0419,0.7206
6.1280,-0.0204,2.8733,0.0415,0.7219
6.1360,-0.0201,2.8731,0.0411,0.7231
6.1440,-0.0197,2.8729,0.0407,0.7243
6.1520,-0.0194,2.8728,0.0403,0.7255
6.1600,-0.0191,2.8726,0.0399,0.7267
6.1680,-0.0188,2.8725,0.0395,0.7278
6.1760,-0.0185,2.8723,0.0391,0.7289
6.1840,-0.0182,2.8722,0.0387,0.7300
6.1920,-0.0179,2.8721,0.0383,0.7310
6.2000,-0.0176,2.8719,0.0379,0.7320
6.2080,-0.0173,2.8718,0.0375,0.7330
6.2160,-0.0170,2.8716,0.0371,0.7339
6.2240,-0.0167,2.8715,0.0367,0.7348
6.2320,-0.0164,2.8714,0.0363,0.7357
6.2400,-0.0161,2.8712,0.0359,0.7365
6.2480,-0.0158,2.8711,0.0355,0.7374
6.2560,-0.0155,2.8710,0.0351,0.7381
6.2640,-0.0152,2.8709,0.0347,0.7389
6.2720,-0.0150,2.8708,0.0343,0.7396
6.2800,-0.0147,2.8706,0.0339,0.7403
6.2880,-0.0144,2.8705,0.0335,0.7410
6.2960,-0.0142,2.8704,0.0331,0.7416
6.3040,-0.0139,2.8703,0.0327,0.7422
6.3120,-0.0136,2.8702,0.0323,0.7428
6.3200,-0.0134,2.8701,0.0320,0.7434
6.3280,-0.0131,2.8700,0.0316,0.7439
6.3360,-0.0129,2.8699,0.0312,0.7444
6.3440,-0.0126,2.8698,0.0308,0.7449
6.3520,-0.0124,2.8697,0.0304,0.7454
6.3600,-0.0122,2.8696,0.0300,0.7458
6.3680,-0.0119,2.8695,0.0296,0.7462
6.3760,-0.0117,2.8694,0.0292,0.7466
6.3840,-0.0115,2.8693,0.0288,0.7469
6.3920,-0.0112,2.8692,0.0285,0.7473
6.4000,-0.0110,2.8691,0.0281,0.7476
6.4080,-0.0108,2.8690,0.0277,0.7479
6.4160,-0.0106,2.8689,0.0273,0.7481
6.4240,-0.0104,2.8689,0.0269,0.7484
6.4320,-0.0101,2.8688,0.0266,0.7486
6.4400,-0.0099,2.8687,0.0262,0.7488
6.4480,-0.0097,2.8686,0.0258,0.7490
6.4560,-0.0095,2.8685,0.0254,0.7491
6.4640,-0.0093,2.8685,0.0251,0.7493
6.4720,-0.0091,2.8684,0.0247,0.7494
6.4800,-0.0089,2.8683,0.0243,0.7495
6.4880,-0.0087,2.8683,0.0240,0.7496
6.4960,-0.0085,2.8682,0.0236,0.7496
6.5040,-0.0084,2.8681,0.0232,0.7497
6.5120,-0.0082,2.8681,0.0229,0.7497
6.5200,-0.0080,2.8680,0.0225,0.7497
6.5280,-0.0078,2.8679,0.0222,0.7497
6.5360,-0.0076,2.8679,0.0218,0.7496
6.5440,-0.0075,2.8678,0.0215,0.7496
6.5520,-0.0073,2.8678,0.0211,0.7495
6.5600,-0.0071,2.8677,0.0208,0.7494
6.5680,-0.0070,2.8676,0.0204,0.7493
6.5760,-0.0068,2.8676,0.0201,0.7492
6.5840,-0.0067,2.8675,0.0197,0.7491
6.5920,-0.0065,2.8675,0.0194,0.7489
6.6000,-0.0063,2.8674,0.0191,0.7487
6.6080,-0.0062,2.8674,0.0187,0.7486
6.6160,-0.0060,2.8673,0.0184,0.7484
6.6240,-0.0059,2.8673,0.0181,0.7481
6.6320,-0.0058,2.8672,0.0177,0.7479
6.6400,-0.0056,2.8672,0.0174,0.7477
6.6480,-0.0055,2.8671,0.0171,0.7474
6.6560,-0.0054,2.8671,0.0168,0.7472
6.6640,-0.0052,2.8671,0.0165,0.7469
6.6720,-0.0051,2.8670,0.0161,0.7466
6.6800,-0.0050,2.8670,0.0158,0.7463
6.6880,-0.0048,2.8669,0.0155,0.7460
6.6960,-0.0047,2.8669,0.0152,0.7456
6.7040,-0.0046,2.8669,0.0149,0.7453
6.7120,-0.0045,2.8668,0.0146,0.7449
6.7200,-0.0044,2.8668,0.0143,0.7446
6.7280,-0.0043,2.8668,0.0140,0.7442
6.7360,-0.0041,2.8667,0.0137,0.7438
6.7440,-0.0040,2.8667,0.0134,0.7434
6.7520,-0.0039,2.8667,0.0131,0.7430
6.7600,-0.0038,2.8666,0.0128,0.7426
6.7680,-0.0037,2.8666,0.0126,0.7421
6.7760,-0.0036,2.8666,0.0123,0.7417
6.7840,-0.0035,2.8665,0.0120,0.7412
6.7920,-0.0034,2.8665,0.0117,0.7408
6.8000,-0.0034,2.8665,0.0114,0.7403
6.8080,-0.0033,2.8665,0.0112,0.7398
6.8160,-0.0032,2.8664,0.0109,0.7394
6.8240,-0.0031,2.8664,0.0106,0.7389
6.8320,-0.0030,2.8664,0.0104,0.7384
6.8400,-0.0029,2.8664,0.0101,0.7378
6.8480,-0.0028,2.8663,0.0098,0.7373
6.8560,-0.0028,2.8663,0.0096,0.7368
6.8640,-0.0027,2.8663,0.0093,0.7363
6.8720,-0.0026,2.8663,0.0091,0.7357
6.8800,-0.0026,2.8663,0.0088,0.7352
6.8880,-0.0025,2.8662,0.0086,0.7346
6.8960,-0.0024,2.8662,0.0083,0.7341
6.9040,-0.0024,2.8662,0.0081,0.7335
6.9120,-0.0023,2.8662,0.0079,0.7330
6.9200,-0.0022,2.8662,0.0076,0.7324
6.9280,-0.0022,2.8662,0.0074,0.7318
6.9360,-0.0021,2.8661,0.0072,0.7312
6.9440,-0.0021,2.8661,0.0069,0.7306
6.9520,-0.0020,2.8661,0.0067,0.7300
6.9600,-0.0020,2.8661,0.0065,0.7294
6.9680,-0.0019,2.8661,0.0063,0.7288
6.9760,-0.0019,2.8661,0.0060,0.7282
6.9840,-0.0018,2.8660,0.0058,0.7276
6.9920,-0.0018,2.8660,0.0056,0.7270
7.0000,-0.0017,2.8660,0.0054,0.7264
7.0080,-0.0017,2.8660,0.0052,0.7257
7.0160,-0.0016,2.8660,0.0050,0.7251
7.0240,-0.0016,2.8660,0.0048,0.7245
7.0320,-0.0016,2.8660,0.0046,0.7238
7.0400,-0.0015,2.8660,0.0044,0.7232
7.0480,-0.0015,2.8659,0.0042,0.7226
7.0560,-0.0015,2.8659,0.0040,0.7219
7.0640,-0.0014,2.8659,0.0038,0.7213
7.0720,-0.0014,2.8659,0.0036,0.7206
7.0800,-0.0014,2.8659,0.0034,0.7200
7.0880,-0.0013,2.8659,0.0033,0.7193
7.0960,-0.0013,2.8659,0.0031,0.7187
7.1040,-0.0013,2.8659,0.0029,0.7180
7.1120,-0.0013,2.8659,0.0027,0.7174
7.1200,-0.0013,2.8658,0.0026,0.7167
7.1280,-0.0012,2.8658,0.0024,0.7160
7.1360,-0.0012,2.8658,0.0022,0.7154
7.1440,-0.0012,2.8658,0.0021,0.7147
7.1520,-0.0012,2.8658,0.0019,0.7141
7.1600,-0.0012,2.8658,0.0017,0.7134
7.1680,-0.0012,2.8658,0.0016,0.7127
7.1760,-0.0012,2.8658,0.0014,0.7121
7.1840,-0.0011,2.8658,0.0013,0.7114
7.1920,-0.0011,2.8658,0.0011,0.7107
7.2000,-0.0011,2.8657,0.0010,0.7101
7.2080,-0.0011,2.8657,0.0008,0.7094
7.2160,-0.0011,2.8657,0.0007,0.7087
7.2240,-0.0011,2.8657,0.0005,0.7081
7.2320,-0.0011,2.8657,0.0004,0.7074
7.2400,-0.0011,2.8657,0.0003,0.7067
7.2480,-0.0011,2.8657,0.0001,0.7061
7.2560,-0.0011,2.8657,-0.0000,0.7054
7.2640,-0.0011,2.8657,-0.0001,0.7047
7.2720,-0.0011,2.8657,-0.0003,0.7041
7.2800,-0.0011,2.8657,-0.0004,0.7034
7.2880,-0.0011,2.8657,-0.0005,0.7028
7.2960,-0.0011,2.8656,-0.0006,0.7021
7.3040,-0.0011,2.8656,-0.0007,0.7014
7.3120,-0.0011,2.8656,-0.0009,0.7008
7.3200,-0.0011,2.8656,-0.0010,0.7001
7.3280,-0.0011,2.8656,-0.0011,0.6995
7.3360,-0.0012,2.8656,-0.0012,0.6988
7.3440,-0.0012,2.8656,-0.0013,0.6982
7.3520,-0.0012,2.8656,-0.0014,0.6975
7.3600,-0.0012,2.8656,-0.0015,0.6969
7.3680,-0.0012,2.8656,-0.0016,0.6962
7.3760,-0.0012,2.8655,-0.0017,0.6956
7.3840,-0.0012,2.8655,-0.0018,0.6950
7.3920,-0.0012,2.8655,-0.0019,0.6943
7.4000,-0.0013,2.8655,-0.0020,0.6937
7.4080,-0.0013,2.8655,-0.0021,0.6931
7.4160,-0.0013,2.8655,-0.0022,0.6924
7.4240,-0.0013,2.8655,-0.0023,0.6918
7.4320,-0.0013,2.8655,-0.0024,0.6912
7.4400,-0.0014,2.8655,-0.0025,0.6906
7.4480,-0.0014,2.8655,-0.0025,0.6899
7.4560,-0.0014,2.8654,-0.0026,0.6893
7.4640,-0.0014,2.8654,-0.0027,0.6887
7.4720,-0.0014,2.8654,-0.0028,0.6881
7.4800,-0.0015,2.8654,-0.0028,0.6875
7.4880,-0.0015,2.8654,-0.0029,0.6869
7.4960,-0.0015,2.8654,-0.0030,0.6863
7.5040,-0.0015,2.8654,-0.0031,0.6857
7.5120,-0.0016,2.8654,-0.0031,0.6851
7.5200,-0.0016,2.8653,-0.0032,0.6845
7.5280,-0.0016,2.8653,-0.0033,0.6839
7.5360,-0.0016,2.8653,-0.0033,0.6833
7.5440,-0.0017,2.8653,-0.0034,0.6827
7.5520,-0.0017,2.8653,-0.0034,0.6822
7.5600,-0.0017,2.8653,-0.0035,0.6816
7.5680,-0.0017,2.8653,-0.0036,0.6810
7.5760,-0.0018,2.8653,-0.0036,0.6805
7.5840,-0.0018,2.8652,-0.0037,0.6799
7.5920,-0.0018,2.8652,-0.0037,0.6793
7.6000,-0.0019,2.8652,-0.0038,0.6788
7.6080,-0.0019,2.8652,-0.0038,0.6782
7.6160,-0.0019,2.8652,-0.0039,0.6777
7.6240,-0.0020,2.8652,-0.0039,0.6771
7.6320,-0.0020,2.8651,-0.0040,0.6766
7.6400,-0.0020,2.8651,-0.0040,0.6761
7.6480,-0.0021,2.8651,-0.0040,0.6755
7.6560,-0.0021,2.8651,-0.0041,0.6750
7.6640,-0.0021,2.8651,-0.0041,0.6745
7.6720,-0.0022,2.8651,-0.0042,0.6739
7.6800,-0.0022,2.8650,-0.0042,0.6734
7.6880,-0.0022,2.8650,-0.0042,0.6729
7.6960,-0.0023,2.8650,-0.0043,0.6724
7.7040,-0.0023,2.8650,-0.0043,0.6719
7.7120,-0.0023,2.8650,-0.0043,0.6714
7.7200,-0.0024,2.8650,-0.0044,0.6709
7.7280,-0.0024,2.8649,-0.0044,0.6704
7.7360,-0.0024,2.8649,-0.0044,0.6699
7.7440,-0.0025,2.8649,-0.0044,0.6694
7.7520,-0.0025,2.8649,-0.0045,0.6690
7.7600,-0.0025,2.8649,-0.0045,0.6685
7.7680,-0.0026,2.8648,-0.0045,0.6680
7.7760,-0.0026,2.8648,-0.0045,0.6675
7.7840,-0.0026,2.8648,-0.0045,0.6671
7.7920,-0.0027,2.8648,-0.0046,0.6666
7.8000,-0.0027,2.8647,-0.0046,0.6662
7.8080,-0.0028,2.8647,-0.0046,0.6657
7.8160,-0.0028,2.8647,-0.0046,0.6653
7.8240,-0.0028,2.8647,-0.0046,0.6648
7.8320,-0.0029,2.8647,-0.0046,0.6644
7.8400,-0.0029,2.8646,-0.0046,0.6640
7.8480,-0.0029,2.8646,-0.0046,0.6635
7.8560,-0.0030,2.8646,-0.0047,0.6631
7.8640,-0.0030,2.8646,-0.0047,0.6627
7.8720,-0.0031,2.8645,-0.0047,0.6623
7.8800,-0.0031,2.8645,-0.0047,0.6619
7.8880,-0.0031,2.8645,-0.0047,0.6614
7.8960,-0.0032,2.8645,-0.0047,0.6610
7.9040,-0.0032,2.8644,-0.0047,0.6606
7.9120,-0.0032,2.8644,-0.0047,0.6602
7.9200,-0.0033,2.8644,-0.0047,0.6599
7.9280,-0.0033,2.8644,-0.0047,0.6595
7.9360,-0.0034,2.8643,-0.0047,0.6591
7.9440,-0.0034,2.8643,-0.0047,0.6587
7.9520,-0.0034,2.8643,-0.0047,0.6583
7.9600,-0.0035,2.8643,-0.0047,0.6580
7.9680,-0.0035,2.8642,-0.0047,0.6576
7.9760,-0.0035,2.8642,-0.0047,0.6573
7.9840,-0.0036,2.8642,-0.0047,0.6569
7.9920,-0.0036,2.8641,-0.0047,0.6565
8.0000,-0.0037,2.8641,-0.0047,0.6562
8.0080,-0.0037,2.8641,-0.0047,0.6559
8.0160,-0.0037,2.8641,-0.0046,0.6555
8.0240,-0.0038,2.8640,-0.0046,0.6552
8.0320,-0.0038,2.8640,-0.0046,0.6549
8.0400,-0.0038,2.8640,-0.0046,0.6545
8.0480,-0.0039,2.8639,-0.0046,0.6542
8.0560,-0.0039,2.8639,-0.0046,0.6539
8.0640,-0.0039,2.8639,-0.0046,0.6536
8.0720,-0.0040,2.8638,-0.0046,0.6533
8.0800,-0.0040,2.8638,-0.0046,0.6530
8.0880,-0.0041,2.8638,-0.0045,0.6527
8.0960,-0.0041,2.8637,-0.0045,0.6524
8.1040,-0.0041,2.8637,-0.0045,0.6521
8.1120,-0.0042,2.8637,-0.0045,0.6518
8.1200,-0.0042,2.8636,-0.0045,0.6515
8.1280,-0.0042,2.8636,-0.0045,0.6512
8.1360,-0.0043,2.8636,-0.0044,0.6510
8.1440,-0.0043,2.8635,-0.0044,0.6507
8.1520,-0.0043,2.8635,-0.0044,0.6504
8.1600,-0.0044,2.8635,-0.0044,0.6502
8.1680,-0.0044,2.8634,-0.0044,0.6499
8.1760,-0.0044,2.8634,-0.0043,0.6496
8.1840,-0.0045,2.8634,-0.0043,0.6494
8.1920,-0.0045,2.8633,-0.0043,0.6491
8.2000,-0.0046,2.8633,-0.0043,0.6489
8.2080,-0.0046,2.8632,-0.0043,0.6487
8.2160,-0.0046,2.8632,-0.0042,0.6484
8.2240,-0.0047,2.8632,-0.0042,0.6482
8.2320,-0.0047,2.8631,-0.0042,0.6480
8.2400,-0.0047,2.8631,-0.0042,0.6477
8.2480,-0.0048,2.8631,-0.0041,0.6475
8.2560,-0.0048,2.8630,-0.0041,0.6473
8.2640,-0.0048,2.8630,-0.0041,0.6471
8.2720,-0.0049,2.8629,-0.0041,0.6469
8.2800,-0.0049,2.8629,-0.0040,0.6467
8.2880,-0.0049,2.8629,-0.0040,0.6465
8.2960,-0.0049,2.8628,-0.0040,0.6463
8.3040,-0.0050,2.8628,-0.0040,0.6461
8.3120,-0.0050,2.8627,-0.0039,0.6459
8.3200,-0.0050,2.8627,-0.0039,0.6457
8.3280,-0.0051,2.8627,-0.0039,0.6455
8.3360,-0.0051,2.8626,-0.0039,0.6453
8.3440,-0.0051,2.8626,-0.0038,0.6451
8.3520,-0.0052,2.8625,-0.0038,0.6450
8.3600,-0.0052,2.8625,-0.0038,0.6448
8.3680,-0.0052,2.8625,-0.0037,0.6446
8.3760,-0.0053,2.8624,-0.0037,0.6445
8.3840,-0.0053,2.8624,-0.0037,0.6443
8.3920,-0.0053,2.8623,-0.0037,0.6441
8.4000,-0.0053,2.8623,-0.0036,0.6440
8.4080,-0.0054,2.8622,-0.0036,0.6438
8.4160,-0.0054,2.8622,-0.0036,0.6437
8.4240,-0.0054,2.8622,-0.0035,0.6436
8.4320,-0.0055,2.8621,-0.0035,0.6434
8.4400,-0.0055,2.8621,-0.0035,0.6433
8.4480,-0.0055,2.8620,-0.0035,0.6431
8.4560,-0.0055,2.8620,-0.0034,0.6430
8.4640,-0.0056,2.8619,-0.0034,0.6429
8.4720,-0.0056,2.8619,-0.0034,0.6427
8.4800,-0.0056,2.8619,-0.0033,0.6426
8.4880,-0.0056,2.8618,-0.0033,0.6425
8.4960,-0.0057,2.8618,-0.0033,0.6424
8.5040,-0.0057,2.8617,-0.0032,0.6423
8.5120,-0.0057,2.8617,-0.0032,0.6422
8.5200,-0.0057,2.8616,-0.0032,0.6421
8.5280,-0.0058,2.8616,-0.0031,0.6419
8.5360,-0.0058,2.8615,-0.0031,0.6418
8.5440,-0.0058,2.8615,-0.0031,0.6417
8.5520,-0.0058,2.8614,-0.0030,0.6416
8.5600,-0.0059,2.8614,-0.0030,0.6416
8.5680,-0.0059,2.8613,-0.0030,0.6415
8.5760,-0.0059,2.8613,-0.0030,0.6414
8.5840,-0.0059,2.8612,-0.0029,0.6413
8.5920,-0.0060,2.8612,-0.0029,0.6412
8.6000,-0.0060,2.8612,-0.0029,0.6411
8.6080,-0.0060,2.8611,-0.0028,0.6410
8.6160,-0.0060,2.8611,-0.0028,0.6410
8.6240,-0.0061,2.8610,-0.0028,0.6409
8.6320,-0.0061,2.8610,-0.0027,0.6408
8.6400,-0.0061,2.8609,-0.0027,0.6407
8.6480,-0.0061,2.8609,-0.0027,0.6407
8.6560,-0.0061,2.8608,-0.0026,0.6406
8.6640,-0.0062,2.8608,-0.0026,0.6406
8.6720,-0.0062,2.8607,-0.0026,0.6405
8.6800,-0.0062,2.8607,-0.0025,0.6404
8.6880,-0.0062,2.8606,-0.0025,0.6404
8.6960,-0.0062,2.8606,-0.0025,0.6403
8.7040,-0.0063,2.8605,-0.0024,0.6403
8.7120,-0.0063,2.8605,-0.0024,0.6402
8.7200,-0.0063,2.8604,-0.0024,0.6402
8.7280,-0.0063,2.8604,-0.0024,0.6401
8.7360,-0.0063,2.8603,-0.0023,0.6401
8.7440,-0.0064,2.8603,-0.0023,0.6401
8.7520,-0.0064,2.8602,-0.0023,0.6400
8.7600,-0.0064,2.8602,-0.0022,0.6400
8.7680,-0.0064,2.8601,-0.0022,0.6400
8.7760,-0.0064,2.8601,-0.0022,0.6399
8.7840,-0.0064,2.8600,-0.0021,0.6399
8.7920,-0.0065,2.8600,-0.0021,0.6399
8.8000,-0.0065,2.8599,-0.0021,0.6398
8.8080,-0.0065,2.8598,-0.0020,0.6398
8.8160,-0.0065,2.8598,-0.0020,0.6398
8.8240,-0.0065,2.8597,-0.0020,0.6398
8.8320,-0.0065,2.8597,-0.0020,0.6397
8.8400,-0.0066,2.8596,-0.0019,0.6397
8.8480,-0.0066,2.8596,-0.0019,0.6397
8.8560,-0.0066,2.8595,-0.0019,0.6397
8.8640,-0.0066,2.8595,-0.0018,0.6397
8.8720,-0.0066,2.8594,-0.0018,0.6397
8.8800,-0.0066,2.8594,-0.0018,0.6397
8.8880,-0.0066,2.8593,-0.0017,0.6397
8.8960,-0.0067,2.8593,-0.0017,0.6397
8.9040,-0.0067,2.8592,-0.0017,0.6397
8.9120,-0.0067,2.8592,-0.0017,0.6396
8.9200,-0.0067,2.8591,-0.0016,0.6396
8.9280,-0.0067,2.8591,-0.0016,0.6396
8.9360,-0.0067,2.8590,-0.0016,0.6396
8.9440,-0.0067,2.8589,-0.0015,0.6397
8.9520,-0.0067,2.8589,-0.0015,0.6397
8.9600,-0.0068,2.8588,-0.0015,0.6397
8.9680,-0.0068,2.8588,-0.0015,0.6397
8.9760,-0.0068,2.8587,-0.0014,0.6397
8.9840,-0.0068,2.8587,-0.0014,0.6397
8.9920,-0.0068,2.8586,-0.0014,0.6397
9.0000,-0.0068,2.8586,-0.0014,0.6397
9.0080,-0.0068,2.8585,-0.0013,0.6397
9.0160,-0.0068,2.8585,-0.0013,0.6397
9.0240,-0.0068,2.8584,-0.0013,0.6398
9.0320,-0.0069,2.8583,-0.0012,0.6398
9.0400,-0.0069,2.8583,-0.0012,0.6398
9.0480,-0.0069,2.8582,-0.0012,0.6398
9.0560,-0.0069,2.8582,-0.0012,0.6398
9.0640,-0.0069,2.8581,-0.0011,0.6399
9.0720,-0.0069,2.8581,-0.0011,0.6399
9.0800,-0.0069,2.8580,-0.0011,0.6399
9.0880,-0.0069,2.8580,-0.0011,0.6399
9.0960,-0.0069,2.8579,-0.0010,0.6399
9.1040,-0.0069,2.8579,-0.0010,0.6400
9.1120,-0.0069,2.8578,-0.0010,0.6400
9.1200,-0.0070,2.8577,-0.0010,0.6400
9.1280,-0.0070,2.8577,-0.0009,0.6401
9.1360,-0.0070,2.8576,-0.0009,0.6401
9.1440,-0.0070,2.8576,-0.0009,0.6401
9.1520,-0.0070,2.8575,-0.0009,0.6402
9.1600,-0.0070,2.8575,-0.0009,0.6402
9.1680,-0.0070,2.8574,-0.0008,0.6402
9.1760,-0.0070,2.8573,-0.0008,0.6403
9.1840,-0.0070,2.8573,-0.0008,0.6403
9.1920,-0.0070,2.8572,-0.0008,0.6403
9.2000,-0.0070,2.8572,-0.0007,0.6404
9.2080,-0.0070,2.8571,-0.0007,0.6404
9.2160,-0.0070,2.8571,-0.0007,0.6404
9.2240,-0.0070,2.8570,-0.0007,0.6405
9.2320,-0.0070,2.8570,-0.0007,0.6405
9.2400,-0.0070,2.8569,-0.0006,0.6406
9.2480,-0.0071,2.8568,-0.0006,0.6406
9.2560,-0.0071,2.8568,-0.0006,0.6406
9.2640,-0.0071,2.8567,-0.0006,0.6407
9.2720,-0.0071,2.8567,-0.0006,0.6407
9.2800,-0.0071,2.8566,-0.0005,0.6408
9.2880,-0.0071,2.8566,-0.0005,0.6408
9.2960,-0.0071,2.8565,-0.0005,0.6409
9.3040,-0.0071,2.8564,-0.0005,0.6409
9.3120,-0.0071,2.8564,-0.0005,0.6409
9.3200,-0.0071,2.8563,-0.0004,0.6410
9.3280,-0.0071,2.8563,-0.0004,0.6410
9.3360,-0.0071,2.8562,-0.0004,0.6411
9.3440,-0.0071,2.8562,-0.0004,0.6411
9.3520,-0.0071,2.8561,-0.0004,0.6412
9.3600,-0.0071,2.8560,-0.0003,0.6412
9.3680,-0.0071,2.8560,-0.0003,0.6413
9.3760,-0.0071,2.8559,-0.0003,0.6413
9.3840,-0.0071,2.8559,-0.0003,0.6414
9.3920,-0.0071,2.8558,-0.0003,0.6414
9.4000,-0.0071,2.8558,-0.0003,0.6415
9.4080,-0.0071,2.8557,-0.0002,0.6415
9.4160,-0.0071,2.8557,-0.0002,0.6416
9.4240,-0.0071,2.8556,-0.0002,0.6416
9.4320,-0.0071,2.8555,-0.0002,0.6417
9.4400,-0.0071,2.8555,-0.0002,0.6417
9.4480,-0.0071,2.8554,-0.0002,0.6418
9.4560,-0.0071,2.8554,-0.0001,0.6418
9.4640,-0.0071,2.8553,-0.0001,0.6419
9.4720,-0.0071,2.8553,-0.0001,0.6419
9.4800,-0.0071,2.8552,-0.0001,0.6420
9.4880,-0.0071,2.8551,-0.0001,0.6420
9.4960,-0.0071,2.8551,-0.0001,0.6421
9.5040,-0.0071,2.8550,-0.0001,0.6421
9.5120,-0.0071,2.8550,-0.0000,0.6422
9.5200,-0.0071,2.8549,-0.0000,0.6422
9.5280,-0.0071,2.8549,-0.0000,0.6423
9.5360,-0.0071,2.8548,-0.0000,0.6423
9.5440,-0.0071,2.8547,0.0000,0.6424
9.5520,-0.0071,2.8547,0.0000,0.6424
9.5600,-0.0071,2.8546,0.0000,0.6425
9.5680,-0.0071,2.8546,0.0000,0.6425
9.5760,-0.0071,2.8545,0.0001,0.6426
9.5840,-0.0071,2.8545,0.0001,0.6427
9.5920,-0.0071,2.8544,0.0001,0.6427
9.6000,-0.0071,2.8543,0.0001,0.6428
9.6080,-0.0071,2.8543,0.0001,0.6428
9.6160,-0.0071,2.8542,0.0001,0.6429
9.6240,-0.0071,2.8542,0.0001,0.6429
9.6320,-0.0071,2.8541,0.0001,0.6430
9.6400,-0.0071,2.8541,0.0002,0.6430
9.6480,-0.0071,2.8540,0.0002,0.6431
9.6560,-0.0071,2.8539,0.0002,0.6431
9.6640,-0.0071,2.8539,0.0002,0.6432
9.6720,-0.0071,2.8538,0.0002,0.6432
9.6800,-0.0071,2.8538,0.0002,0.6433
9.6880,-0.0071,2.8537,0.0002,0.6433
9.6960,-0.0071,2.8537,0.0002,0.6434
9.7040,-0.0071,2.8536,0.0002,0.6434
9.7120,-0.0071,2.8535,0.0002,0.6435
9.7200,-0.0071,2.8535,0.0003,0.6436
9.7280,-0.0071,2.8534,0.0003,0.6436
9.7360,-0.0071,2.8534,0.0003,0.6437
9.7440,-0.0071,2.8533,0.0003,0.6437
9.7520,-0.0071,2.8533,0.0003,0.6438
9.7600,-0.0071,2.8532,0.0003,0.6438
9.7680,-0.0071,2.8531,0.0003,0.6439
9.7760,-0.0071,2.8531,0.0003,0.6439
9.7840,-0.0071,2.8530,0.0003,0.6440
9.7920,-0.0071,2.8530,0.0003,0.6440
9.8000,-0.0071,2.8529,0.0003,0.6441
9.8080,-0.0071,2.8529,0.0003,0.6441
9.8160,-0.0071,2.8528,0.0004,0.6442
9.8240,-0.0071,2.8527,0.0004,0.6442
9.8320,-0.0071,2.8527,0.0004,0.6443
9.8400,-0.0071,2.8526,0.0004,0.6443
9.8480,-0.0071,2.8526,0.0004,0.6444
9.8560,-0.0071,2.8525,0.0004,0.6444
9.8640,-0.0071,2.8525,0.0004,0.6445
9.8720,-0.0071,2.8524,0.0004,0.6445
9.8800,-0.0071,2.8524,0.0004,0.6446
9.8880,-0.0071,2.8523,0.0004,0.6446
9.8960,-0.0070,2.8522,0.0004,0.6447
9.9040,-0.0070,2.8522,0.0004,0.6447
9.9120,-0.0070,2.8521,0.0004,0.6448
9.9200,-0.0070,2.8521,0.0004,0.6448
9.9280,-0.0070,2.8520,0.0004,0.6448
9.9360,-0.0070,2.8520,0.0004,0.6449
9.9440,-0.0070,2.8519,0.0004,0.6449
9.9520,-0.0070,2.8518,0.0005,0.6450
9.9600,-0.0070,2.8518,0.0005,0.6450
9.9680,-0.0070,2.8517,0.0005,0.6451
9.9760,-0.0070,2.8517,0.0005,0.6451
9.9840,-0.0070,2.8516,0.0005,0.6452
9.9920,-0.0070,2.8516,0.0005,0.6452
